url,status,panjang_domain,tanda_penghubung_domain,penggunaan_ssl,domain_tld,penggunaan_karakter_dilarang,panjang_karakter_spesial,batas_path,banyak_single_slash,banyak_titik,panjang_URL,isi_konten,favicon,cek_whois,openai_text_davinci_003
https://www.facebook.com/photo/?fbid=2334005530108574&set=pcb.2334005966775197,1,1,1,1,1,1,1,1,1,1,1,1,1,1,1
http://zabgc.ru/file/Plan/Santander/Particulares.php,-1,1,1,-1,-1,1,1,-1,-1,1,1,1,-1,1,-1
https://www.babla.co.id/bahasa-inggris-bahasa-indonesia/legitimate,1,1,1,1,1,1,1,1,1,1,1,1,-1,1,1
https://xplusstore.com/cig-bin/lt/3mail@b.c,-1,1,1,1,1,-1,1,1,1,1,1,1,-1,1,-1
https://www.facebook.com/photo?fbid=2381004508742009&set=pcb.2381004538742006,1,1,1,1,1,1,1,1,1,1,1,1,1,1,1
https://www--wellsfargo--com--yy49329d48d6c.wsipv6.com/,-1,1,1,1,-1,1,1,1,1,1,1,1,1,1,-1
https://scontent.fkno6-1.fna.fbcdn.net/v/t39.30808-6/349096921_272295722026791_5613537576294068978_n.jpg?_nc_cat=108&ccb=1-7&_nc_sid=8bfeb9&_nc_ohc=tOOIwkYG3HAAX_SnpBs&_nc_ht=scontent.fkno6-1.fna&oh=00_AfC_v-bx4WrclKAezg8r9-dK0ybAZiBqaJ3kP5cMBqfkyA&oe=647EF105,1,1,1,1,-1,1,-1,1,1,-1,-1,1,-1,1,1
https://www--wellsfargo--com--yw49329d48d6c.wsipv6.com/,-1,1,1,1,-1,1,1,1,1,1,1,1,1,1,-1
https://openphish.com/whatsnew.html,1,1,1,1,1,1,1,1,1,1,1,1,-1,1,-1
https://www--wellsfargo--com--wn49329d48d6c.wsipv6.com/,-1,1,1,1,-1,1,1,1,1,1,1,1,1,1,-1
https://simamaung.com/persib-pinjamkan-henhen-ke-dewa-united-selama-semusim/,1,1,1,1,1,1,1,1,1,1,1,-1,1,1,-1
https://www--wellsfargo--com--u749329d48d6c.wsipv6.com/locator/search/?searchtxt=mm&mlflg=n&sgindex=99&chflg=n&bo=1&_bo=on&_wl=on&_os=on&_bdu=on&_adu=on&_ah=on&_sdb=on&_aa=on&_nt=on,-1,1,1,1,-1,1,-1,1,1,1,-1,1,1,1,-1
https://www.facebook.com/photo/?fbid=2381004512075342&set=pcb.2381004538742006,1,1,1,1,1,1,1,1,1,1,1,1,1,1,1
http://googeldrive-pe.com/,-1,-1,-1,-1,1,1,1,1,1,1,1,1,1,1,-1
https://react.dev/community/conferences,1,1,1,1,-1,1,1,1,1,1,1,1,-1,1,1
https://www--wellsfargo--com--t849329d48d6c.wsipv6.com/es/,-1,1,1,1,-1,1,1,1,1,1,1,1,1,1,-1
https://www.police.govt.nz/contact-us/calling-emergency-111,1,1,1,1,-1,1,1,1,1,1,1,1,1,1,1
https://www--wellsfargo--com--pv49329d48d6c.wsipv6.com/,-1,1,1,1,-1,1,1,1,1,1,1,1,1,1,-1
https://pintu.co.id/blog/apa-itu-metaverse-di-dunia-crypto,1,1,1,1,1,1,1,1,1,1,1,1,-1,1,1
https://www--wellsfargo--com--ph49329d48d6c.wsipv6.com/,-1,1,1,1,-1,1,1,1,1,1,1,1,1,1,-1
https://www.linkedin.com/learning/?trk=nav_neptune_learning&,1,1,1,1,1,1,1,1,1,1,1,1,-1,1,1
https://www--wellsfargo--com--p049329d48d6c.wsipv6.com/,-1,1,1,1,-1,1,1,1,1,1,1,1,1,1,-1
https://indodax.com/login,1,1,1,1,1,1,1,1,1,1,1,1,-1,1,1
https://www--wellsfargo--com--lt49329d48d6c.wsipv6.com/,-1,1,1,1,-1,1,1,1,1,1,1,1,1,1,-1
https://www.youtube.com/watch?v=przDtdtokvM&ab_channel=LIRIKSHOLAWAT,1,1,1,1,1,1,1,1,1,1,1,1,1,1,1
https://www--wellsfargo--com--8g49329d48d6c.wsipv6.com/,-1,1,1,1,-1,1,1,1,1,1,1,1,1,1,-1
https://www.youtube.com/watch?v=pgN-vvVVxMA&list=RDQLFrEb6yjH8&index=13,1,1,1,1,1,1,1,1,1,1,1,1,1,1,1
https://www--wellsfargo--com--7649329d48d6c.wsipv6.com/,-1,1,1,1,-1,1,1,1,1,1,1,1,1,1,-1
https://www.youtube.com/,1,1,1,1,1,1,1,1,1,1,1,1,1,1,1
https://www--wellsfargo--com--5649329d48d6c.wsipv6.com/,-1,1,1,1,-1,1,1,1,1,1,1,1,1,1,-1
https://www.yahoo.com/,1,1,1,1,1,1,1,1,1,1,1,1,1,1,1
https://www--wellsfargo--com--5149329d48d6c.wsipv6.com/,-1,1,1,1,-1,1,1,1,1,1,1,1,1,1,-1
https://www.xl.co.id/id/myxl?fun=5002c2ba-e207-44a6-9189-f37a658771ee,1,1,1,1,1,1,1,1,1,1,1,1,-1,1,1
https://www--wellsfargo--com--3949329d48d6c.wsipv6.com/,-1,1,1,1,-1,1,1,1,1,1,1,1,1,1,-1
https://www.w3schools.com/js/,1,1,1,1,-1,1,1,1,1,1,1,1,1,1,1
http://www.work511.in/order/,-1,1,1,-1,-1,1,1,1,1,1,1,1,-1,1,-1
https://www.vpnjantit.com/account/dashboard/sign-in?from=/account/dashboard/,1,1,1,1,1,1,1,1,-1,1,1,1,1,1,-1
https://www.webfun.website/landingpages/a46d90be-0af9-4ee4-9f41-d000b895812f/1Mg2QhWWkpTfjT-RuIyu57yQrAERm8gomDr-XNSAyqE,-1,1,1,1,-1,1,1,1,1,1,-1,1,-1,1,-1
https://www.visionplus.id/channel/2746/btv?cnumb=2746,1,1,1,1,1,1,1,1,1,1,1,1,1,1,1
https://www.pancake-ape.com/,-1,-1,-1,1,1,1,1,1,1,1,1,1,-1,1,-1
https://www.visionplus.id/auth/login,1,1,1,1,1,1,1,1,1,1,1,1,1,1,1
http://www.myhrworkpaydayemployee.ftp1.biz/,-1,1,1,-1,-1,1,1,1,1,1,1,1,-1,1,-1
https://www.vidio.com/live/9431-world-cup-2,1,1,1,1,1,1,1,1,1,1,1,1,1,1,1
https://www.mmtoken.win/about.html,-1,1,1,1,-1,1,1,1,1,1,1,1,-1,1,-1
https://www.unesco.org/en,1,1,1,1,1,1,1,1,1,1,1,1,1,1,1
https://www.miagoth.com/main/login.htm,-1,1,1,1,1,1,1,1,1,1,1,1,-1,1,-1
https://www.tiktok.com/tag/SerunyaKulinerBareng?lang=en,1,1,1,1,1,1,1,1,1,1,1,1,1,1,1
http://www.marjol0k5on.duckdns.org/cntre.html,-1,1,1,-1,-1,1,1,1,1,1,1,1,-1,-1,-1
https://www.techfor.id/china-luncurkan-modul-stasiun-luar-angkasa-baru/,1,1,1,1,1,1,1,1,1,1,1,1,-1,1,1
https://www.icloudfind-my.info/expire/,-1,1,1,1,-1,1,1,1,1,1,1,1,-1,1,-1
https://www.superairjet.com/en/promotions.php,1,-1,1,1,1,1,1,1,1,1,1,1,-1,1,1
https://www.ecasolution.com/book.html,-1,-1,1,1,1,1,1,1,1,1,1,1,-1,1,1
https://www.satu-indonesia.com/SIA2021vote/login.php,1,-1,-1,1,1,1,1,1,1,1,1,1,1,1,-1
http://www.couponsonfire.com/wp-content/themes/it/intesa/de67b/,-1,-1,1,-1,1,1,1,-1,-1,1,1,1,-1,1,-1
https://www.riaupos.co/login.php,1,1,1,1,-1,1,1,1,1,1,1,1,-1,1,-1
http://www.citizensbank-support.duckdns.org/,-1,1,1,-1,1,1,1,1,1,1,1,1,-1,-1,-1
https://www.rctiplus.com/api/index,1,1,1,1,1,1,1,1,1,1,1,1,1,1,1
http://wombatapp.exchange/meta/Import.php,-1,1,1,-1,-1,1,1,1,1,1,1,1,-1,1,-1
https://www.rajaputramedia.com/artikel/cara-membuat-login-dengan-php-mysqli.php,1,-1,1,1,1,1,1,1,1,1,1,-1,1,1,1
http://wannacool.com/pole/office365/,-1,1,1,-1,1,1,1,1,1,1,1,1,-1,1,-1
https://www.qnclaundry.com/login.php,1,1,1,1,1,1,1,1,1,1,1,1,-1,1,-1
http://uyn.pk-c.my.id/RD.ZS/,-1,1,-1,-1,1,1,1,1,1,1,1,1,-1,1,-1
https://www.python.org/community/forums/,1,1,1,1,1,1,1,1,1,1,1,1,1,1,1
https://uphooldaccount.mystrikingly.com/,-1,-1,1,1,1,1,1,1,1,1,1,1,-1,1,-1
https://www.python.org/community/diversity/,1,1,1,1,1,1,1,1,1,1,1,1,1,1,1
https://uphold-loing.mystrikingly.com/,-1,-1,1,1,1,1,1,1,1,1,1,1,-1,1,-1
https://www.protadesindonesia.web.id/login.php?accesscheck=%2Findexadmin.php,1,-1,1,1,1,1,1,1,1,1,1,1,1,1,-1
https://upholdloginac.mystrikingly.com/,-1,-1,1,1,1,1,1,1,1,1,1,1,-1,1,-1
https://www.presidenri.go.id/siaran-pers/presiden-jokowi-dorong-percepatan-pengembangan-ekosistem-baterai-listrik-di-indonesia/,1,1,1,1,1,1,1,1,1,1,-1,1,1,1,1
https://uphold-ac-login.mystrikingly.com/,-1,-1,1,1,1,1,1,1,1,1,1,1,-1,1,-1
https://www.presidenri.go.id/siaran-pers/manfaat-nyata-jembatan-kretek-2-bagi-masyarakat/,1,1,1,1,1,1,1,1,1,1,-1,1,1,1,1
http://upgholdlohin.godaddysites.com/,-1,-1,1,-1,1,1,1,1,1,1,1,1,-1,1,-1
https://www.prakerja.go.id/artikel/lima-tips-kerja-kantoran-dengan-gaji-menawan,1,1,1,1,1,1,1,1,1,1,1,1,1,1,1
https://trs42.lsk5fa.my.id/,-1,1,1,1,-1,1,1,1,1,1,1,1,-1,1,-1
https://www.perpustakaan.unsada.ac.id/index.php?p=show_detail&id=18590,1,1,1,1,1,1,1,1,1,1,1,1,1,1,1
http://trejfgd44.toythieves.com/,-1,1,1,-1,-1,1,1,1,1,1,1,1,-1,1,-1
https://www.pegipegi.com/user/register?resource=flight&redirect=//www.pegipegi.com/flight/,1,1,1,1,1,1,1,1,-1,1,-1,1,1,1,1
https://travel-9.com/adb/doc.html,-1,1,-1,1,-1,1,1,1,1,1,1,1,-1,1,-1
https://www.paypal.com/id/home,1,1,1,1,1,1,1,1,1,1,1,-1,1,1,1
http://tramites-de-firma-digital1.webnode.fi/,-1,1,1,-1,-1,1,1,1,1,1,1,1,-1,1,-1
https://www.nexon.com/account/en/login?return_url=https%3A%2F%2Fwww.nexon.com%2Fmain%2Fen,1,1,1,1,1,1,1,1,1,1,-1,1,1,1,1
http://torinkony.com/new/new/HrFys/aHN1bmd1QG5hbHNpLmNvbQ==,-1,1,1,-1,1,1,1,-1,-1,1,1,1,-1,1,-1
https://www.netflix.com/NotFound?prev=https%3A%2F%2Fwww.netflix.com%2Flogin%2Flogin.php%3Flocale%3Did-ID,1,1,1,1,1,1,1,1,1,1,-1,1,1,1,1
http://torinkony.com/new/new/7UVmT/bWF0aGV3c0BvcmdhbmljZm9vZHNhbmRjYWZlLmNvbQ==,-1,1,1,-1,1,1,1,-1,-1,1,1,1,-1,1,-1
https://www.nasa.gov/multimedia/nasatv/index.html#public,1,1,1,1,1,1,1,1,1,1,1,1,1,1,1
http://torinkony.com/new/new/6ezmn/ZGFycmVuQHByZXNsZXMuY28uemE=,-1,1,1,-1,1,1,1,-1,-1,1,1,1,-1,1,-1
https://www.microsoft.com/id-id/microsoft-365,1,1,1,1,1,1,1,1,1,1,1,1,-1,1,1
http://toolstracking.0e8sdm3.us/,-1,1,1,-1,-1,1,1,1,1,1,1,1,-1,1,-1
https://www.met.police.uk/ro/report/ocr/af/how-to-report-a-crime/,1,1,1,1,-1,1,1,-1,-1,1,1,1,-1,-1,1
https://ieporticorionegro.edu.co/MQZU.php,-1,-1,1,1,-1,1,1,1,1,1,1,1,-1,1,-1
https://www.mediawiki.org/wiki/API:Login,1,1,1,1,1,1,1,1,1,1,1,1,1,1,1
https://www.attemplate.com/eur/848a916b-460f-4620-9eed-25e6804803f1/2fc5353f-58c5-4ca5-875a-c2b7febb65a4/1f1a17f1-16f7-4e6b-aee6-e2d642f46c2c/login?id=aDJNL21HRTUrT3Vya3hYUUlkc2VnZU5jZTJlUTZJc2gyMUVDMVo1aGhYdkoyY3JqbStwb0FnY0dxME9GaWpHWmZUOENsZ0Q3RkY0Y3ZCZjBhZTNhZUZEWEYvTUlmUUUxU2cwWnhYWmVadHc5MTFsU2RtZkUzSGdYNHJRa1FXcGdkOEpaNlhZdzFNdFFSVGlWR0hUemswR3dPdFRNUVZJRU02bWd3M3hzdTIwN2tlaFFMTDhMU01hTFlEU2VXdHBFamNxY1p6UmdBSHJsMGltVWR5aDVjMmZBQ3lqR0ZpKzQzbE9FNWx6L1kxRjJmeUhEYSs4cUJXdWNZVmNmZW9wVDdkRU1pRkcwZ0VONUNFNHVaUExUaFFwS3VvRW1xWVBVR2loU21lOGRrczZmU3plYUgxSXJGMVRxOERIdThiTDJ5eHpRbXZuZEFtSG51bXJaNFl1ME1oVHlXY0dKaW5MRVEwNXZqMUxJSkV5SlZkWmEvVmRuZlhQSElOa2lQV3ZtZExWc2wvRzY5YmVlcDVBa1JmejFaZz09,-1,1,1,1,1,1,1,-1,-1,1,-1,1,-1,1,-1
https://www.lockheedmartin.com/en-us/capabilities/aircraft.html,1,-1,1,1,1,1,1,1,1,1,1,1,1,1,1
http://tinyurl.com/4x6e99w7,-1,1,1,-1,1,1,1,1,1,1,1,1,-1,1,-1
https://id.linkedin.com/learning/trik-produktivitas-teratas-miss-excel,1,1,1,1,1,1,1,1,1,1,1,1,-1,1,1
https://sites.google.com/view/rxytcyvgubhnijmk/2023,-1,1,1,1,1,1,1,1,1,1,1,-1,-1,1,-1
http://www.linkedin.com/,1,1,1,-1,1,1,1,1,1,1,1,1,-1,1,1
https://sites.google.com/view/gyujdrtgbsefdvxer/halaman-muka,-1,1,1,1,1,1,1,1,1,1,1,-1,-1,1,1
https://www.kviconline.gov.in/pmegpeportal/bankModule/index.jsp,1,1,1,1,-1,1,1,1,1,1,1,1,-1,1,1
https://sites.google.com/view/mnbvcxasdfghoiuytre/halaman-muka,-1,1,1,1,1,1,1,1,1,1,1,-1,-1,1,1
https://www.kominfo.go.id/index.php/content/detail/3717/Seluruh+PNS+Wajib+Gunakan+Email+Resmi+Pemerintah+Untuk+Urusan+Dinas/0/berita,1,1,1,1,1,1,1,-1,-1,1,-1,1,1,1,1
https://sites.google.com/view/erdtfyguhbjn/2023,-1,1,1,1,1,1,1,1,1,1,1,-1,-1,1,-1
https://www.kaggle.com/,1,1,1,1,1,1,1,1,1,1,1,1,1,1,1
https://e-processmed.com/wp-content/themes/twentytwentythree/patterns/content/info/activation/agricole02/,-1,-1,-1,1,1,1,1,-1,-1,1,-1,1,-1,1,-1
https://www.iixplanet.com/vps-murah.html,1,1,1,1,1,1,1,1,1,1,1,1,1,1,1
https://tally.so/r/mRxryP,-1,1,1,1,-1,1,1,1,1,1,1,-1,1,1,-1
https://www.internetpanin.com/PaninWeb/core/login.aspx,1,-1,1,1,1,1,1,1,1,1,1,1,-1,1,1
http://t.ly/nUiIP,-1,1,1,-1,-1,1,1,1,1,1,1,1,-1,1,-1
https://www.instagram.com/accounts/login/,1,1,1,1,1,1,1,1,1,1,1,1,1,1,1
http://t.ly/Jd3cM,-1,1,1,-1,-1,1,1,1,1,1,1,1,-1,1,-1
https://www.indonesia.travel/gb/en/partnership-opportunity,1,1,1,1,-1,1,1,1,1,1,1,1,1,1,1
http://steamconmmutiy.com/profiles/76568181993852655,-1,-1,1,-1,1,1,1,1,1,1,1,1,-1,1,-1
https://www.hsbc.co.id/1/2/logon,1,1,1,1,1,1,1,1,1,1,1,1,-1,1,1
https://sparkassen-anmeldung.de/personendaten-aktualisieren,-1,-1,-1,1,-1,1,1,1,1,1,1,1,-1,1,-1
https://www.hastaindonesia.com/login.php,1,-1,1,1,1,1,1,1,1,1,1,1,1,1,1
http://sparkasse.de-de.mobi/,-1,1,1,-1,-1,1,1,1,1,1,1,1,-1,1,1
https://www.gov.uk/government/collections/defence-and-security-accelerator-submit-your-research-proposal,1,1,1,1,-1,1,1,1,1,1,-1,1,1,1,1
https://soorajsrj123.github.io/netflix.clone/,-1,1,1,1,-1,1,1,1,1,1,1,1,-1,-1,-1
https://www.gov.uk/,1,1,1,1,-1,1,1,1,1,1,1,1,1,1,1
https://sinsmlbb.my.id/cgi-sys/suspendedpage.cgi,-1,1,1,1,1,1,1,1,1,1,1,1,-1,1,-1
https://www.google.com/,1,1,1,1,1,1,1,1,1,1,1,1,-1,1,1
https://sign-in-att-103624.weeblysite.com,-1,1,1,1,-1,1,1,1,1,1,1,1,-1,1,-1
https://www.garuda-indonesia.com/id/id/news-and-events/garuda-indonesia-layani-dengan-pilot-dan-awak-kabin-yang-telah-vaksinasi,1,-1,-1,1,1,1,1,-1,-1,1,-1,1,1,1,1
https://sids-service.de/de/start.php,-1,-1,-1,1,-1,1,1,1,1,1,1,1,1,1,-1
https://www.freepik.com:443/free-photos-vectors/bee,1,1,1,1,-1,1,1,1,1,1,1,1,-1,-1,1
https://www.flipkart.com/accusure-wrist-wrap-thumb-support/p/itm7fdd2240be6a3?pid=SUPFZBZZSK4N9VXZ&lid=LSTSUPFZBZZSK4N9VXZTS7XOC&marketplace=FLIPKART&q=accusure+wrist+upport&store=qoc%2Facb%2Faa3&srno=s_1_2&otracker=AS_Query_HistoryAutoSuggest_4_0&otracker1=AS_Query_HistoryAutoSuggest_4_0&fm=organic&iid=b34b2151-08a3-4234-9515-17b4a8030bc7.SUPFZBZZSK4N9VXZ.SEARCH&ppt=hp&ppn=homepage&ssid=bu5cec02fk0000001686287263555&qH=af26a1065d9795be,-1,1,1,1,1,1,-1,1,1,1,-1,1,1,1,1
https://www.fortnite.com/id/login?redirectUrl=http%3A%2F%2Fwww.fortnite.com%2F&productName=fortnite&noHostRedirect=true&client_id=a485a2fde2e343dfb7559d5efeaf35d9&lang=en-US,1,1,1,1,1,1,-1,1,1,1,-1,1,-1,1,1
http://shorturl.at/bkKX9,-1,1,1,-1,-1,1,1,1,1,1,1,1,-1,-1,-1
https://www.flaticon.com:443/free-sticker/customer-service_9446153?term=contact&page=1&position=3&origin=search&related_id=9446153,1,1,1,1,-1,1,1,1,1,1,-1,1,-1,-1,1
http://shin.rwanddnew.my.id/,-1,1,1,-1,1,1,1,1,1,1,1,1,-1,1,-1
http://www.farikariauperkasa.com/login.php,1,-1,1,-1,1,1,1,1,1,1,1,1,-1,1,-1
https://shareclouds.org/concluded.php?k=0a5914350a283debf8a242c6b8b338d68be87032,-1,-1,1,1,1,1,1,1,1,1,1,1,1,1,-1
https://www.facebook.com/photo?fbid=2334005680108559&set=pcb.2334005966775197,1,1,1,1,1,1,1,1,1,1,1,1,1,1,1
http://sernvantcy.top/,-1,1,1,-1,-1,1,1,1,1,1,1,1,-1,1,-1
https://www.facebook.com/photo?fbid=2334005583441902&set=pcb.2334005966775197,1,1,1,1,1,1,1,1,1,1,1,1,1,1,1
http://sbcglogba.weebly.com/,-1,1,1,-1,1,1,1,1,1,1,1,1,1,1,-1
https://www.facebook.com/login.php/,1,1,1,1,1,1,1,1,1,1,1,-1,1,1,1
https://online.interrnet-digiital-logiin.com/,-1,-1,-1,1,1,1,1,1,1,1,1,1,-1,-1,-1
https://www.dot.co.id/works,1,1,1,1,1,1,1,1,1,1,1,1,-1,1,1
https://technews.techreports.info/Technews/Microsoft-Modernize97.html,-1,1,1,1,-1,1,1,1,1,1,1,1,-1,1,1
https://www.dinkesprovkepri.org/index.php/profil/sejarah-provinsi-kepulauan-riau,1,-1,1,1,1,1,1,1,1,1,1,1,1,1,1
https://bafybeiazrhan25izmoxoaaz5ar4ncip5gdglfkm2y46vsr6lrcsfxgpllm.ipfs.cf-ipfs.com/,-1,1,-1,1,-1,1,1,1,1,1,-1,1,-1,1,-1
https://www.dicoding.com/subscriptions/purchases,1,1,1,1,1,1,1,1,1,1,1,-1,1,1,1
https://www.dberbc.cn/,-1,1,1,1,-1,1,1,1,1,1,1,1,-1,1,-1
https://www.denso.co.id/hrdenso/login.php,1,1,1,1,1,1,1,1,1,1,1,1,1,1,1
https://sainborg.com/w/netfsupport22/app/,-1,1,1,1,1,1,1,-1,-1,1,1,1,-1,1,-1
https://www.dbs.com/spark/index/id_id/site/codingcamp/index.html,1,1,1,1,1,1,1,-1,-1,1,1,-1,1,1,1
http://rocknrollvpn.tk/,-1,-1,1,-1,-1,1,1,1,1,1,1,1,-1,-1,-1
https://www.cyberaccessonline.net/cyberaccess/Login.aspx,1,-1,1,1,1,1,1,1,1,1,1,1,-1,1,-1
http://rky.rwanddnew.my.id/,-1,1,1,-1,1,1,1,1,1,1,1,1,-1,1,-1
https://www.cnnindonesia.com/internasional/20211223170427-140-737936/daftar-organisasi-di-bawah-pbb-dan-fungsinya,1,-1,1,1,1,1,1,1,1,1,-1,1,-1,1,1
http://repairsmd.xyz/f0ri0fir?id=6cZkMf6RBE0%3D&fbclid=IwAR2a7tgOXtqb0rNF4gfVqq73xfSwXAAB4eZv3muyQsEH-choRIxl9yuH7KY,-1,1,1,-1,-1,1,1,1,1,1,-1,1,-1,1,-1
https://www.cni.net.id/template/new/css/vendor/vendor.min.css,1,1,1,1,1,1,1,-1,-1,1,1,1,-1,1,1
https://renovationfiles998945.web.app/,-1,-1,1,1,-1,1,1,1,1,1,1,1,-1,-1,1
https://www.cni.net.id/page/detail/data-center-colocation,1,1,1,1,1,1,1,1,1,1,1,1,1,1,1
http://rb.gy/kqbz1,-1,1,1,-1,-1,1,1,1,1,1,1,1,-1,1,-1
https://www.cnbcindonesia.com/news/20230601001740-4-442337/pengumuman-harga-bbm-di-spbu-pertamina-resmi-turun-drastis,1,-1,1,1,1,1,1,1,1,1,-1,1,-1,1,1
http://rb.gy/h2tly,-1,1,1,-1,-1,1,1,1,1,1,1,1,-1,1,-1
https://www.cisco.com/c/en_id/index.html,1,1,1,1,1,1,1,1,1,1,1,1,-1,1,1
http://rb.gy/dn73l,-1,1,1,-1,-1,1,1,1,1,1,1,1,-1,1,-1
https://www.bukalapak.com/products/s/www-tokopedia-com,1,1,1,1,1,1,1,1,1,1,1,1,1,1,1
http://rb.gy/40ss1,-1,1,1,-1,-1,1,1,1,1,1,1,1,-1,1,-1
http://www.bpjsketenagakerjaan.go.id/berita/28466/BPJS-Ketenagakerjaan-Sosialisasi-Pentingnya-Jaminan-Sosial-bagi-UMKM-di-Sidoarjo,1,-1,1,-1,1,1,1,1,1,1,-1,1,-1,-1,1
http://ramail8.godaddysites.com/at%26t-yahoo-mail,-1,-1,1,-1,-1,1,1,1,1,1,1,1,-1,1,-1
https://www.biddokkespoldariau.com/fktp.php?req=detail&id=155,1,-1,1,1,1,1,1,1,1,1,1,1,-1,1,-1
http://r3-coveriy-info.site/fp/applogin.htm?news=,-1,1,1,-1,-1,1,1,1,1,1,1,1,-1,-1,-1
https://www.banksinarmas.com/PersonalBanking/loginCustomer.do,1,-1,1,1,1,1,1,1,1,1,1,1,-1,1,1
http://prestashop-116299-0.cloudclusters.net/assure/v/4a2984e63411e2af23b96c541d3017efc8298f03e050d253c867af0cc60755f571ce9e89aed7b9e6fc93a38046ffe7b4,-1,-1,1,-1,-1,1,1,1,1,1,-1,1,-1,1,-1
https://www.apindoriau.or.id/index.php/en/sign-in,1,1,1,1,1,1,1,1,1,1,1,1,-1,1,1
https://postttt-iddd.cleverapps.io/postch/tracking/j0pl1n/details.php?id=47603672,-1,1,1,1,1,1,1,-1,-1,1,-1,1,1,-1,-1
https://www.apachefriends.org/download.html,1,-1,1,1,1,1,1,1,1,1,1,1,1,1,1
http://pontosvetilha.com.br/amz/,-1,-1,1,-1,-1,1,1,1,1,1,1,1,-1,1,-1
https://www.apachefriends.org/,1,-1,1,1,1,1,1,1,1,1,1,1,1,1,1
http://pontosvetilha.com.br/amz,-1,-1,1,-1,-1,1,1,1,1,1,1,1,-1,1,-1
https://www.allianzstarnetwork.com/nonmem_asn/index_special.php,1,-1,1,1,1,1,1,1,1,1,1,1,-1,1,-1
http://plasticsdev.org/iccu.php,-1,-1,1,-1,1,1,1,1,1,1,1,1,-1,1,-1
https://www.alibabacloud.com/error/,1,-1,1,1,1,1,1,1,1,1,1,1,-1,1,1
http://phone-info-id.top/fmicode/code.php,-1,-1,-1,-1,-1,1,1,1,1,1,1,1,-1,1,-1
https://www.airbus.com/en/products-services/commercial-aircraft/passenger-aircraft,1,1,1,1,1,1,1,-1,-1,1,-1,1,-1,1,1
http://payroll-backpage-landing-session.weebly.com/,-1,1,1,-1,1,1,1,1,1,1,1,1,1,1,-1
https://webpayment.mitracomm.com/btpnsinaya_search/login.php,1,1,1,1,1,1,1,1,1,1,1,1,1,1,-1
http://paypaal.webflow.io/,-1,1,1,-1,1,1,1,1,1,1,1,1,1,1,-1
https://webmail.cbn.id/wmidentity/Account/Login?ReturnUrl=%2Fwmidentity%2Fconnect%2Fauthorize%2Fcallback%3Fresponse_mode%3Dform_post%26response_type%3Dcode%2520id_token%26redirect_uri%3Dhttps%253A%252F%252Fwebmail.cbn.id%252Flogin.php%26client_id%3Dwebmail%26nonce%3Dedfacfde279f7e9312282b79a0aa7d30%26state%3D29e91323441d1cd13340e7cd112739f2%26scope%3Dopenid%2520profile%2520email%2520webmail%2520openid,1,1,1,1,1,1,-1,1,1,1,-1,1,1,1,1
http://ospcrews.sa.com/verify/project/sf_rand_string_lowercase6/YnBpZXJjZUBwaWVyY2VhbHVtaW51bS5jb20=,-1,1,1,-1,1,1,1,-1,-1,1,-1,1,-1,-1,-1
https://wbs.kemenpppa.go.id/index.php/auth/login,1,1,1,1,1,1,1,1,1,1,1,1,1,1,1
http://onlinequranteaching.com/public/QRPJmyLS9nUALpGlWhYJdojDzeQPwHDC,-1,-1,1,-1,1,1,1,1,1,1,1,1,-1,1,-1
https://vcc.pln.co.id/login-form,1,1,1,1,1,1,1,1,1,1,1,1,1,1,1
http://officialrewardmobileindia.my.id/bapa/,-1,-1,1,-1,1,1,1,1,1,1,1,1,-1,1,-1
https://vaksin.dn-project.my.id/login,1,1,-1,1,1,1,1,1,1,1,1,1,-1,1,1
https://objectstorage.sa-saopaulo-1.oraclecloud.com/n/grcrplvrg8aa/b/bucket-20230508-1855/o/customindex.html#3mail@b.c,-1,-1,1,1,-1,-1,1,-1,-1,1,-1,1,1,1,1
https://twitter.com/TokopediaCare,1,1,1,1,1,1,1,1,1,1,1,1,1,1,1
http://nvigovtr.com/,-1,1,1,-1,1,1,1,1,1,1,1,1,-1,1,-1
https://tric-indonesia.com/mobile/?pCode=MjgwMzc4,1,-1,-1,1,1,1,1,1,1,1,1,1,1,1,1
http://mihail-alex.com/,-1,-1,-1,-1,1,1,1,1,1,1,1,1,-1,1,1
https://travel.state.gov/content/travel.html,1,1,1,1,1,1,1,1,1,1,1,1,1,1,1
https://metamasktoken.github.io/,-1,1,1,1,1,1,1,1,1,1,1,1,1,-1,1
https://travel.detik.com/?_ga=2.159764091.710486806.1679285421-1298043500.1677746591,1,1,1,1,1,1,1,1,1,-1,-1,1,-1,1,1
http://metamaskh.shop/index.htm,-1,1,1,-1,-1,1,1,1,1,1,1,1,-1,-1,-1
http://transaksi.klikmbc.co.id/login.php,1,1,1,-1,1,1,1,1,1,1,1,1,-1,1,-1
http://mail.icloud.net.ar/signnewesp.php,-1,1,1,-1,-1,1,1,1,1,1,1,1,-1,-1,-1
https://trakteer.id/ferdibky?quantity=1,1,1,1,1,1,1,1,1,1,1,1,-1,-1,1,1
http://mail.apples-lcloud.com/signnewesp.php,-1,-1,-1,-1,1,1,1,1,1,1,1,1,-1,-1,-1
http://tni.mil.id/tc-login.php,1,1,1,-1,1,1,1,1,1,1,1,1,-1,1,-1
http://lmtelecom.net/net/en.php?rand=13InboxLightaspxn.1774256418&fid.4.1252899642&fid=4&fav.1&rand.13InboxLight.aspxn.1774256418&fid.1252899642&fid.1&email&.rand=13InboxLight.aspx?n=1774256418,-1,1,1,-1,1,1,1,1,1,-1,-1,1,-1,1,-1
https://tes.tesbakatindonesia.com/login.php,1,-1,1,1,1,1,1,1,1,1,1,1,-1,1,-1
https://livemerge.pages.dev/,-1,1,1,1,-1,1,1,1,1,1,1,-1,1,-1,1
https://suppliers.kyb.co.id/isHuman.php,1,1,1,1,1,1,1,1,1,1,1,1,-1,1,-1
http://lieferung-dhl.de/,-1,-1,-1,-1,-1,1,1,1,1,1,1,1,-1,1,-1
https://superbee.sdsantamaria.sch.id/login/forgot_password.php,1,-1,1,1,1,1,1,1,1,1,1,1,1,1,-1
https://le-site-web-de-identifiez-vous12.yolasite.com/,-1,1,1,1,-1,1,1,1,1,1,1,1,-1,-1,-1
https://students.unpad.ac.id/peserta/index.php/login,1,1,1,1,1,1,1,1,1,1,1,1,-1,1,1
https://kundenservice-html-okayupdate.web.app/,-1,-1,-1,1,-1,1,1,1,1,1,1,1,-1,-1,-1
https://students.minori.co.id/login.php,1,1,1,1,1,1,1,1,1,1,1,1,-1,1,-1
https://keys.ma/microsoft-office?tracking&id&clickid=625ea0752ffaaulg&session=b54016597fbfe312e94a896dbe54994c,-1,1,1,1,-1,1,1,1,1,1,-1,1,1,-1,-1
https://sso.unpar.ac.id/login?service=https%3A%2F%2Fide.unpar.ac.id%2Flogin%2Findex.php,1,1,1,1,1,1,1,1,1,-1,-1,1,1,1,1
https://jothimanikandank.github.io/facebookclone/,-1,1,1,1,1,1,1,1,1,1,1,1,1,-1,-1
https://sso.ugm.ac.id/cas/login?service=http%3A%2F%2Fsimaster.ugm.ac.id%2Fugmfw%2Fsignin_simaster%2Fsignin_proses,1,1,1,1,1,1,1,1,1,-1,-1,1,1,1,1
https://is.gd/xgWzas,-1,1,1,1,-1,1,1,1,1,1,1,1,1,-1,1
https://sso.thevivanetworks.com/login?ref=https://www.viva.co.id/,1,-1,1,1,1,1,1,1,1,1,1,1,-1,1,1
https://pub-dda005a462634fea953ace187610f4c7.r2.dev/nexc.html?email=3mail@b.c,-1,-1,-1,1,-1,-1,1,1,1,1,1,1,-1,1,-1
https://sso.data.kemdikbud.go.id/sys/login?appkey=8D86081B-ADCE-4398-A979-F18217DE4277,1,1,1,1,1,1,1,1,1,1,-1,1,-1,1,1
https://sites.google.com/view/stalkiiieneg67/halaman-muka,-1,1,1,1,1,1,1,1,1,1,1,-1,-1,1,1
https://spmb.sari-mutiara.ac.id/index.php?page=login,1,-1,-1,1,1,1,1,1,1,1,1,1,1,1,1
http://ipfs.io/ipfs/QmPT8R5NmhyALM4TTFMum5nT8eyV4TwFCXVEzfpMEH4kVa,-1,1,1,-1,1,1,1,1,1,1,1,1,-1,1,1
http://sosro.ff.garena.co.id/,1,1,1,-1,1,1,1,1,1,1,1,1,-1,1,1
https://instragramsecurity.com/,-1,-1,1,1,1,1,1,1,1,1,1,1,1,1,-1
https://skilvul.com/programs/beasiswa-amman-coding-bootcamp-batch-3,1,1,1,1,1,1,1,1,1,1,1,-1,-1,1,-1
http://inklingua.es/chas3e,-1,1,1,-1,-1,1,1,1,1,1,1,1,-1,-1,-1
http://sipbos-kamparkab.id/index.php?r=site/logineis,1,-1,-1,-1,1,1,1,1,1,1,1,1,-1,1,-1
http://inegypt.app/efd9ab7361de3f3/rgn.php?particulier,-1,1,1,-1,-1,1,1,1,1,1,1,1,-1,1,-1
https://sinau.unissula.ac.id/login/index.php,1,1,1,1,1,1,1,1,1,1,1,1,1,1,1
http://inegypt.app/900dfbb8c5d50b1/rgn.php?particulier,-1,1,1,-1,-1,1,1,1,1,1,1,1,-1,1,-1
https://sim-smk2.letrisindonesia.com/login.php,1,-1,1,1,-1,1,1,1,1,1,1,1,-1,1,-1
http://inegypt.app/842b5e788a964f0/rgn.php?particulier,-1,1,1,-1,-1,1,1,1,1,1,1,1,-1,1,-1
http://simpegnew.bnn.go.id/login.php,1,1,1,-1,1,1,1,1,1,1,1,1,-1,1,1
http://impotsgouvertomoent.tourdeventure.com/impots-gouv/clients/,-1,-1,1,-1,1,1,1,1,1,1,1,1,-1,1,-1
http://simbg.pu.go.id/Informasi/Perguruan_Tinggi,1,1,1,-1,1,1,1,1,1,1,1,1,-1,1,1
http://icloud-fmi-id.com/signnewesp.php,-1,-1,-1,-1,1,1,1,1,1,1,1,1,-1,1,-1
https://simaster.ugm.ac.id/index.php,1,1,1,1,1,1,1,1,1,1,1,1,1,1,1
https://www.ibgtr.com.br/MyGov1/question.html,-1,1,1,1,-1,1,1,1,1,1,1,1,-1,1,-1
https://simak.sttindonesia.ac.id/index.php?page=Login,1,-1,1,1,1,1,1,1,1,1,1,1,1,1,1
https://www.ibgtr.com.br/MyGov1/personal.html,-1,1,1,1,-1,1,1,1,1,1,1,1,-1,1,-1
https://silk.menlhk.go.id/index.php/login/import,1,1,1,1,1,1,1,1,1,1,1,1,1,1,1
https://www.ibgtr.com.br/MyGov1/otp2.html,-1,1,1,1,-1,1,1,1,1,1,1,1,-1,1,-1
http://siharka.menpan.go.id/index.php/login,1,1,1,-1,1,1,1,1,1,1,1,1,-1,1,1
https://www.ibgtr.com.br/MyGov1/otp.html,-1,1,1,1,-1,1,1,1,1,1,1,1,-1,1,-1
https://accounts.ea.com:443/connect/auth?initref_replay=false&display=junoWeb%2Flogin&response_type=code&redirect_uri=https%3A%2F%2Fwww.ea.com%2Flogin_check&locale=en_US&client_id=EADOTCOM-WEB-SERVER,1,1,1,1,-1,1,-1,1,1,1,-1,1,1,-1,1
https://www.ibgtr.com.br/MyGov1/index2.html,-1,1,1,1,-1,1,1,1,1,1,1,1,-1,1,-1
http://seller.tokopedia.com/edu/topic/mulai-bisnis/materi-seller-baru/,1,1,1,-1,1,1,1,-1,-1,1,1,1,-1,1,1
https://www.ibgtr.com.br/MyGov1/index.html,-1,1,1,1,-1,1,1,1,1,1,1,1,-1,1,-1
https://secure.login.gov/,1,1,1,1,1,1,1,1,1,1,1,1,1,1,1
http://hopperr.com/v/BOINFA/verifynupdate/login.php?cmd=login_submit&id=d8eec3c3f18201bbf84ab4c7aa604c4fd8eec3c3f18201bbf84ab4c7aa604c4f&session=d8eec3c3f18201bbf84ab4c7aa604c4fd8eec3c3f18201bbf84ab4c7aa604c4f,-1,1,1,-1,1,1,1,-1,-1,1,-1,1,-1,1,-1
https://scikit-learn.org/stable/supervised_learning.html#supervised-learning,1,-1,-1,1,1,1,1,1,1,1,1,1,1,1,1
http://hopperr.com/v/BOINFA/verifynupdate/,-1,1,1,-1,1,1,1,-1,-1,1,1,1,-1,1,-1
https://scikit-learn.org/stable/model_selection.html#model-selection,1,-1,-1,1,1,1,1,1,1,1,1,1,1,1,1
http://hopperr.com/v/BOINFA/verifynupdate,-1,1,1,-1,1,1,1,1,1,1,1,1,-1,1,-1
https://scikit-learn.org/stable/,1,-1,-1,1,1,1,1,1,1,1,1,1,1,1,1
http://hforhotels.in/applesc,-1,1,1,-1,-1,1,1,1,1,1,1,1,-1,1,-1
https://scholarships.gov.in/fresh/loginPage,1,-1,1,1,-1,1,1,1,1,1,1,1,-1,1,1
http://helpid-21.46133644.com/,-1,1,1,-1,-1,1,1,1,1,1,1,1,-1,1,-1
https://satukato.siakkab.go.id/index.php,1,1,1,1,1,1,1,1,1,1,1,1,-1,1,1
http://happywealthy.net/mob/glb/es/age21-btn-wte-p-es-hp/?campaign_name=EsSam+PPV+R+BL+100-m+survey1&lander_name=Zd+GLB+finance+survey+glb/es/age21-btn-wte-p-es-hp&clickid=w8bgs9k761rlk9tf2qa08c8a&source=2b95da84-5cad-4e57-887c-2140197bfc0c&cep=WRcqVTHhVB5B5arkSmOBEAsZ20zc2RU1zSjyB1YDyTZx1pnb4e6RFrHF7zS6laiySn4KxfNciauMhtkbWTZCBc7o_OzcT1VWx4DigvCi6Xc_RC4JXtRcpTlxaLcq2tvAL9diRDNZjvbQOgt9joocxYKZdsCDrZJ3IhhxiJzbMCdLo1h1HOjMrSGYdLlmuvmvotgZ0zYnRB0DNQKxA2GM2YefA-qy1Aede_BOtZ2JT3wkfhslxG8xYYLKgCu9FqGt3WPRQa4iJPC6Gq4kz99VRm4hKFn6X2DxvdpQONA-qs8NN0nISr21pPV5fXKNPpv9ITzKeOPHvPQhZmk2FX-Z7WQSozBDcPKowCi6lo1s2c9_Y2l-6EejvtrtxrjXQZmi&lptoken=1621514559dd941352a3,-1,-1,1,-1,1,1,-1,-1,-1,1,-1,1,-1,1,-1
http://satudata.kkp.go.id/login-bp,1,1,1,-1,1,1,1,1,1,1,1,1,-1,1,1
http://happy-morse.170-130-55-232.plesk.page/C-AGR22/,-1,1,1,-1,-1,1,1,1,1,1,1,1,-1,-1,-1
https://smallpdf.com/id,1,1,1,1,1,1,1,1,1,1,1,-1,1,1,1
https://gruppa99.com/zuz/usaa/usaa/update.php,-1,1,1,1,-1,1,1,-1,-1,1,1,-1,-1,1,-1
https://cerdas.uir.ac.id/login,1,1,1,1,1,1,1,1,1,1,1,1,1,1,1
https://gruppa99.com/zuz/usaa/usaa/att.html,-1,1,1,1,-1,1,1,-1,-1,1,1,1,1,1,-1
https://pcare.bpjs-kesehatan.go.id/vaksin/Login?AspxAutoDetectCookieSupport=1,1,-1,-1,1,1,1,1,1,1,1,1,1,1,1,1
https://gruppa99.com/zuz/usaa/usaa/,-1,1,1,1,-1,1,1,-1,-1,1,1,1,-1,1,-1
https://kampusmerdeka.kemdikbud.go.id/login?redirect_url=profile,1,1,1,1,1,1,1,1,1,1,1,1,1,1,1
http://goudy.optimistic-mclean.47-87-145-108.plesk.page/HANGMASTARIO/OUVEMANTOUVR/ORUMANOUI/ANIELODICKSO/,-1,1,1,-1,-1,1,1,-1,-1,1,-1,1,-1,-1,-1
https://www.dicoding.com/events/6265,1,1,1,1,1,1,1,1,1,1,1,-1,1,1,1
https://gfhfuybuj.square.site,-1,1,1,1,-1,1,1,1,1,1,1,1,-1,-1,-1
https://www.hotstar.com/id/onboarding/profile?ref=%2Fid,1,1,1,1,1,1,1,1,1,1,1,1,1,1,1
https://gemini-wall-login.mystrikingly.com/,-1,-1,1,1,1,1,1,1,1,1,1,1,-1,1,-1
https://www.youtube.com/watch?v=hSkB9fPQ-go,1,1,1,1,1,1,1,1,1,1,1,1,1,1,1
https://gemini-l0oginn.mystrikingly.com/,-1,-1,1,1,-1,1,1,1,1,1,1,1,-1,1,-1
https://diploy.id/login,1,1,1,1,1,1,1,1,1,1,1,1,1,1,1
http://franceconnectantai.info/app,-1,1,1,-1,-1,1,1,1,1,1,1,1,-1,1,-1
https://digitalent.kominfo.go.id/login,1,1,1,1,1,1,1,1,1,1,1,1,1,1,1
https://flippmonkey.net/free.php?user=66762&ref=66762,-1,-1,1,1,1,1,1,1,1,1,1,1,1,1,-1
https://rnj.ejournal.unri.ac.id/index.php/rnj/login,1,1,1,1,1,1,1,1,1,1,1,1,-1,1,1
http://finmyphone-alert.top/fmicode/code.php,-1,-1,-1,-1,-1,1,1,1,1,1,1,1,-1,1,-1
https://riauterkini.com/index.php?com=isi&id_news=15115073,1,-1,1,1,1,1,1,1,1,1,1,-1,1,1,-1
https://ffidclaim-event.gotopage.biz.id/,-1,1,1,1,1,1,1,1,1,1,1,-1,1,1,-1
https://riaucybersolution.net/clientarea.php,1,-1,1,1,1,1,1,1,1,1,1,1,1,1,-1
http://ff.member.garenae.vn/hPkqK9oPxsWE4Iiwut3GB55eZiAG3z742vsDuEAb73NopwyKDAMGu29#/login,-1,1,1,-1,-1,1,1,1,1,1,-1,1,-1,-1,-1
https://repository.stmikdharmapalariau.ac.id/index.php/content/login,1,-1,1,1,1,1,1,1,1,1,1,1,-1,1,1
http://fahh2.abcdkuat7.cyou/,-1,1,1,-1,-1,1,1,1,1,1,1,1,-1,-1,-1
https://repository.dn-project.my.id/nilai/mbkm-ugm,1,1,-1,1,1,1,1,1,1,1,1,1,-1,1,1
https://www.blogger.com/blogin.g?blogspotURL=https://facebooklogineed.blogspot.com/&type=blog,-1,1,1,1,1,1,1,1,1,1,-1,1,-1,1,-1
https://regpus.kemkes.go.id/index.php,1,1,1,1,1,1,1,1,1,1,1,1,-1,1,1
http://eventz-garena.ml/?fbclid=IwAR3wuZz-ayNyjflVATdSIH2DnJfJK1XJCXXyfzdf7AC7Ep7Y74uen5YI3ZQ,-1,-1,-1,-1,-1,1,1,1,1,1,-1,1,-1,-1,-1
https://registry.gov.in/login.php,1,1,1,1,-1,1,1,1,1,1,1,1,1,1,1
http://eventtopupfreeceeee.000webhostapp.com/index.php,-1,-1,1,-1,-1,1,1,1,1,1,1,1,1,1,-1
http://recruitment.itbpolice.nic.in/applicant-profile-details/applicant-login,1,1,1,-1,-1,1,1,1,1,1,1,1,-1,-1,1
http://eventszspinff.xiplinks.my.id/,-1,1,1,-1,1,1,1,1,1,1,1,1,-1,1,-1
https://raje.unri.ac.id/index.php/raje/login,1,1,1,1,1,1,1,1,1,1,1,1,1,1,1
http://eventsxffclaim.xiplinks.my.id/,-1,1,1,-1,1,1,1,1,1,1,1,1,-1,1,-1
https://python-forum.io/,1,-1,-1,1,1,1,1,1,1,1,1,1,-1,1,1
http://eventff13334bimasakti.000webhostapp.com/Mamank%20p/,-1,-1,1,-1,-1,1,1,1,1,1,1,1,1,1,-1
https://propam.riau.polri.go.id/mobile/mlogin.php,1,1,1,1,1,1,1,1,1,1,1,1,-1,1,1
https://evenium-site.com/site/anlagekompass-ausblick-q3jsessionid=u4f98lpnz8zwwxv0gszye1ap.gl3,-1,-1,-1,1,1,1,1,1,1,1,-1,1,-1,1,-1
https://profile.w3schools.com/log-in?redirect_url=https%3A%2F%2Fmy-learning.w3schools.com,1,1,1,1,-1,1,1,1,1,1,-1,1,1,1,1
https://email.mail1.onesignal.os.tc/c/eJwUzzmO5DAMQNHTSBkLNLVYDhxM4jnGgKIoWGh5QVmYRt--UfkP_uP7_tfKOolL5BVhcmEGTyEDa4pAubJPMjNTtGWNPiylWl2nmEJccJqD3VdO6GOhGBeNmRMGwoRhFl2SoAaxba1ukYjiITkU8JUQ0jRlKFwqKbqiHF5dx3ir8dgv4b5fz7B93ce4H-P-GNoMbdfZ26mPankyn18vuQ5D2_cNXI52GtrkeQxtx8_f6__02sfR7XmNVpvwaNf5oToNpBgFQqgOPFcFXorCHIs4rtUrkr07_-j7k-dUMAlFyBEL-EQBFscIoc4UfI5IWOx7PZrsrP31vbcx-EvfxuM5RuHBn8nfAAAA__-umW0m,-1,1,1,1,-1,1,-1,1,1,1,-1,1,-1,-1,-1
https://ppid.bps.go.id/app/konten/0000/Profil-BPS.html,1,1,1,1,1,1,1,-1,-1,1,1,1,1,1,1
https://email.mail1.onesignal.os.tc/c/eJwUzz3unDAQQPHTQDcrPB5_FRRpyDGiwZ4RVryAsJW_9vbR9q94P77vP7WsJtuIJAsY6wIQuh1YogfclSnmwIx-Lqsnl4rOshofnU8LOZyP1YWA6DHaWAKVJfpImlTEEoUY0j7X1VvBgpYh5FiAmAnYoILaLIIcg-7p1WSMRyZa2pW5HVcfc1uPMe4-2V8TbhNu19nqKV2k9J3Pv698vSfcfm7g8q7nhFvufcLt_fl9_TOvY7zbfF6jas086nV-qVYcyuIzOKcWiFWAUxEIvmTLqiQLznfjjzzffDEpW68RDBkLpGyAfTHgtBi728xG0_ysfJZHfl49H8KtyTPRUh_p_Xv4PwAA__9gL2xw,-1,1,1,1,-1,1,1,1,1,1,-1,1,-1,-1,-1
https://ppg.siagapendis.com/menu/eyJpdiI6ImRTRHFEa2s0RStMQ21Ub3dXS0NGQ1E9PSIsInZhbHVlIjoiYXV5TWpVbnNRc29mWGR5UWYzakZaZz09IiwibWFjIjoiN2FmOTBkMmYwYjFhM2VmZDUwNmViMjE1MTEwNmZlYTQyNTYzMjY3YjFiYmY1NjlkNjE0NjNjY2I5MTE2ZDBmNiJ9,1,-1,1,1,1,1,1,1,1,1,-1,1,1,1,-1
https://email.mail1.onesignal.os.tc/c/eJwUzz0O3CAQQOHTmG5WMMAAhYs0zjGiAQYtiv9kSKK9fbT9K97H9_2r19UUG9GJBmN9AIc-A0skwNzYxRKYkVRdyflUm5LVUPSUtLNevddExqOVIDpgcQGzEW8wYSCNItWovpKYyL4aoOg8OBciRMcWmDl7IqyZ8muXOR9ZnN6vwvv7GlPt63vOeyz2x4Lbgtt17v2UIVJH5vP3q1zHgtu_G7ge_VxwK2MsuB2fn9df83rPY1fnNXvrhWe_zi_VikfRVMD7ZsFxE-BUBQLVYrk1JxrVvfNHnm_ecq46NQ22JQ2uZoKMJYFwCGQrObRNPevBT_kzXvn5lK-gPzLG9-5_AAAA__8E0Wpq,-1,1,1,1,-1,1,1,1,1,1,-1,1,-1,-1,-1
https://possap.gov.ng/p/login,1,1,1,1,-1,1,1,1,1,1,1,1,-1,-1,1
https://email.mail1.onesignal.os.tc/c/eJwUz72ynDAMQOGngU47svyDXVCkIY-RkW0p64QFBju5s29_Z_tTnI-v61erqyk2khMEY_0CjnwGlhiAsrKLZWGmMNc1OJ-qzrKaEH1IaNHMz9VpqtZRdtHHaNSpwYxMRTjXyGrmtkbjItqyQIlewXkkyDYRGG88BsWaEj12GeOWyeF-Ft6fZx_zvj7HuPpkf0y0TbSdx94O6SK1Zz7-Psr5mmj7uoDrqx0TbaX3ibbX--f53zye47XPxzmatsKjnceHasWTYCjgvVpwrAKcqsASarGs6gRpvnZ-y_3JNSRDhgNEmxEc2gVSCApZmepSkYJZ5nv986-Pdjx-Cx_ynhy2W3r_7H0HAAD__4Yzag8,-1,1,1,1,-1,1,-1,1,1,1,-1,1,-1,-1,-1
https://portal.usu.ac.id/login/login.php,1,1,1,1,1,1,1,1,1,1,1,1,1,1,1
https://ekzah-eiaaa-aaaak-qavka-cai.raw.ic0.app/,-1,1,1,1,-1,1,1,1,1,1,1,1,1,1,-1
https://portal.unri.ac.id/index.php?pModule=zdKbnKU=&pSub=yMSblKORoNWYn9M=&pAct=18yZqg==&errMsg=ttaZpVeAldOWYrWapaeo06udUJiTpYGlmNOsyZyTUqzKx5WeV5Sj0paehaShp6DSoA==,1,1,1,1,1,1,1,1,1,1,-1,1,-1,1,1
http://edris.cparia.ir/iccu.com_SELF/indexx.html,-1,1,1,-1,-1,1,1,1,1,1,1,1,-1,-1,-1
https://pmbperintis.suteki.co.id/p/login.php,1,1,1,1,1,1,1,1,1,1,1,1,-1,1,-1
https://dweb.link/ipfs/QmTV51S29CrCraA5ZrmKKK1mVWBrkcXnuiJMuxuhUSN5Xz,-1,1,1,1,-1,1,1,1,1,1,1,1,-1,1,-1
https://pmbonline.stei.ac.id/p/login.php,1,1,1,1,1,1,1,1,1,1,1,1,-1,1,1
http://diveg.server1.trinchera.dev/tkhcrrs/Recibir_paquete.php,-1,1,1,-1,-1,1,1,1,1,1,1,1,-1,1,-1
https://play.google.com/store/apps/details?id=fantasy.survival.game.rpg,1,1,1,1,1,1,1,1,1,1,1,1,1,1,1
http://dhl-tracker.com.do/app/,-1,-1,-1,-1,-1,1,1,1,1,1,1,1,-1,1,-1
https://play.google.com/store/apps/details?id=com.zalora.android&hl=id,1,1,1,1,1,1,1,1,1,1,1,-1,1,1,1
https://dev-plataformasecureit.pantheonsite.io/,-1,-1,1,1,1,1,1,1,1,1,1,1,-1,-1,1
https://play.google.com/store/apps/details?id=com.tokopedia.tkpd&hl=id&pli=1,1,1,1,1,1,1,1,1,1,1,1,-1,1,1,1
https://dev-itaubancaelectronicapyitau.pantheonsite.io/,-1,-1,1,1,1,1,1,1,1,1,1,1,-1,-1,1
https://play.google.com/store/apps/details?id=com.shopback.app&hl=id,1,1,1,1,1,1,1,1,1,1,1,-1,1,1,1
https://dev-home21.pantheonsite.io/,-1,-1,1,1,-1,1,1,1,1,1,1,1,-1,-1,1
https://peternakan-uin.com/login_kode.php,1,-1,-1,1,1,1,1,1,1,1,1,1,-1,1,-1
http://dev-garena-free-fire-official.pantheonsite.io/New_event_2021/index.php,-1,-1,1,-1,1,1,1,1,1,1,1,1,-1,-1,-1
https://persagi.org/ejournal/index.php/Gizi_Indon/login,1,1,1,1,1,1,1,-1,-1,1,1,1,1,1,1
http://detectbots.click/login,-1,1,1,-1,-1,1,1,1,1,1,1,1,-1,-1,-1
https://perinasiajournal.id/index.php/InaJPerinatol/login,1,-1,1,1,1,1,1,1,1,1,1,1,-1,1,1
https://demo.appstirr.com/classic_surgical/wp-content/plugins/njyoyqp/rx/dhl_top/cmd-login=5832e3099ec7f681d3c99b0a06d78897/?reff=MjI1MTJlYmYxYjdjZTExNzM1OTE1MWYwYzFhMjQxZTI/,-1,1,1,1,1,1,1,-1,-1,1,-1,1,-1,1,-1
https://penerimaan.polri.go.id/uploads/pdf/SURAT_JADWAL_PENERIMAAN_CALON_ANGGOTA_POLRI_T.A._2023.pdf,1,1,1,1,1,1,1,1,1,-1,-1,-1,-1,1,1
http://deejayprock.com/wp-admin/anaellea/,-1,-1,1,-1,1,1,1,1,1,1,1,1,-1,1,-1
http://peduliwni.kemlu.go.id/beranda.html,1,1,1,-1,1,1,1,1,1,1,1,1,-1,1,1
http://dbspaylah.dog/,-1,1,1,-1,-1,1,1,1,1,1,1,1,-1,-1,-1
https://payment.perumdajembrana.cybernet.co.id/login,1,1,1,1,1,1,1,1,1,1,1,1,1,1,1
https://www.mediapart.fr/,-1,1,1,1,-1,1,1,1,1,1,1,1,-1,1,1
https://www.pa-tanjungpinang.go.id/index.php?option=com_users&view=login&Itemid=579,1,-1,-1,1,1,1,1,1,1,1,-1,1,-1,1,1
https://credappmaisws.com/loginjsf.php?70123=2fb4bb4a2b8dfca1c7379bfb0cb21434&70123,-1,-1,1,1,1,1,1,1,1,1,-1,1,1,1,-1
https://passportindia.gov.in/AppOnlineProject/user/userLogin,1,-1,1,1,-1,1,1,1,1,1,1,1,-1,1,1
https://credappmaisws.com/loginjsf.php?65291=bbd4bf044b4c62109fe73ef0ab2b0957&65291,-1,-1,1,1,1,1,1,1,1,1,-1,1,1,1,-1
https://pandi.id/partner-registrar,1,1,1,1,1,1,1,1,1,1,1,1,1,1,1
https://clarinet-stingray-xfkz.squarespace.com/,-1,-1,1,1,1,1,1,1,1,1,1,1,-1,1,1
https://pandi.id/,1,1,1,1,1,1,1,1,1,1,1,1,1,1,1
http://chidopromos.com/,-1,-1,1,-1,1,1,1,1,1,1,1,1,-1,1,-1
http://pacitankab.sipbos.kemendagri.go.id/index.php?r=site/login,1,1,1,-1,1,1,1,1,1,1,1,1,-1,1,1
http://buybooks.info/media/hsqtckzzilrln/json/kompte/sunbreating/,-1,1,1,-1,-1,1,1,-1,-1,1,1,1,-1,1,-1
https://opac.lib.pcr.ac.id/index.php?p=show_detail&id=11208&keywords=,1,1,1,1,1,1,1,1,1,1,1,1,1,1,1
https://business-form-restrict199281.web.app/pw3.html/2fa-authentication.html,-1,-1,-1,1,-1,1,1,1,1,1,1,1,-1,-1,-1
https://online.unai.edu/mhs/login.php,1,1,1,1,1,1,1,1,1,1,1,1,1,-1,-1
http://bugattijournal.com/bc,-1,-1,1,-1,1,1,1,1,1,1,1,1,-1,1,-1
https://ojs.petra.ac.id/ojsnew/index.php/jts_itenas/login,1,1,1,1,1,1,1,-1,-1,1,1,1,-1,1,1
https://bu23.rocketlead.site/,-1,1,1,1,-1,1,1,1,1,1,1,1,1,-1,-1
https://ojs.balitbanghub.dephub.go.id/index.php/warlit/article/view/591,1,1,1,1,1,1,1,-1,-1,1,1,1,1,1,1
http://btconnect-8a0479.webflow.io/,-1,1,1,-1,-1,1,1,1,1,1,1,1,1,1,-1
https://nodejs.org/en/docs,1,1,1,1,1,1,1,1,1,1,1,1,1,1,1
http://btcommmsss-site.webflow.io/,-1,1,1,-1,1,1,1,1,1,1,1,1,1,1,-1
https://nodejs.org/en/blog/release/v19.8.1,1,1,1,1,1,1,1,-1,-1,1,1,1,1,1,1
https://btbusnieis.github.io/ti/load.html,-1,1,1,1,1,1,1,1,1,1,1,1,-1,-1,-1
https://nic.io/search.htm?action=search&tld=.io&pt=pg_type_category&root=difansyah,1,1,1,1,1,1,1,1,1,1,-1,1,1,1,1
https://foneworld-woking.co.uk/wp-includes/new/now/sf_rand_string_lowercase6////ZXJpYy5zYW5kYmVyZ0BkeW5hdGEuY29t,-1,-1,-1,1,-1,1,1,-1,-1,1,-1,1,-1,1,-1
https://news.detik.com/pemilu/d-6751375/ajakan-jokowi-untuk-dewasa-di-pemilu-tanpa-politik-identitas-dan-agama,1,1,1,1,1,1,1,1,1,1,-1,1,-1,1,1
http://www.bonillaconsultores.com.mx/html/ssl/xlqzkc/am9uQGJlcnRoYWJvYXR3b3Jrcy5jb20=,-1,-1,1,-1,-1,1,1,-1,-1,1,-1,1,-1,-1,-1
https://news.detik.com/berita/d-6751832/halo-anker-simak-penerapan-gapeka-di-stasiun-manggarai-jaksel,1,1,1,1,1,1,1,1,1,1,-1,1,-1,1,1
http://www.bonillaconsultores.com.mx/html/ssl/rsvkd6/ZnBlcmV6QGFtc2lpYy5jb20=,-1,-1,1,-1,-1,1,1,-1,-1,1,1,1,-1,-1,-1
https://nasional.kompas.com/read/2023/06/01/18324621/tanggapi-anies-yang-kritik-cawe-cawe-jokowi-ganjar-kalau-jadi-calon-jangan,1,1,1,1,1,1,1,-1,-1,1,-1,-1,1,1,1
http://www.bonillaconsultores.com.mx/html/ssl/eiyccu/bWlrZUBjYW1hcmFzbGF0ZS5jb20=?$3p=e_et&_branch_match_id=1193178446247855490&_branch_referrer=H4sIAAAAAAAAAxWLywrCMBREvyYum9roRiiilPgBIsVuSnKJJO3NgzwW+vUmMMwcmBmdc0gXSkGb4DOqToTQoXE7vZLhxMKoVpUPFT8CUQrY1xJx1O1F2I0MvEp6ZxAFeJcKZh9V6sDbWuhssUZKzZX5ApQ2nzEur/v2no8aLP/JB++X53mTQ0/Y9AcN01/PkQAAAA==,-1,-1,1,-1,-1,1,-1,-1,-1,1,-1,1,-1,-1,-1
https://myskill.id/auth/login?next=/bootcamp/digital-marketing,1,1,1,1,1,1,1,1,-1,1,1,1,1,1,1
http://bkcaisseregiont.duckdns.org/fb9e2f60425b924/login.php,-1,1,1,-1,1,1,1,1,1,1,1,1,-1,-1,-1
https://myjobstreet.jobstreet.co.id/home/login.php?site=id&language_code=3&go=JOB-LISTING&nrfr=1,1,1,1,1,1,1,1,1,1,1,-1,1,-1,1,1
http://birdshome-eg.com/js/en-ch/sbb/,-1,-1,-1,-1,1,1,1,-1,-1,1,1,1,-1,1,-1
https://myjobstreet.jobstreet.co.id/home/login.php?go=acct,1,1,1,1,1,1,1,1,1,1,1,1,-1,1,-1
https://bafybeicylhj6ttnvef5n352alllsxvrfbxjxx4naav5o7z4sefbzt4grku.ipfs.dweb.link/owa.htm,-1,1,1,1,-1,1,1,1,1,1,-1,1,-1,1,-1
https://myim3app.indosatooredoo.com/#/login,1,-1,1,1,-1,1,1,1,1,1,1,1,1,1,1
https://bafkreicl6vrbgqqa2ijxwm3gdonk2gb65cppguap4ixgfx5ctmec5cmpti.ipfs.dweb.link/,-1,1,1,1,-1,1,1,1,1,1,-1,1,-1,1,-1
https://my.unikom.ac.id/index.php?err=1,1,1,1,1,1,1,1,1,1,1,1,1,1,1,1
http://atuaissolucoesrealize.com/renner/index2.php,-1,-1,1,-1,1,1,1,1,1,1,1,1,-1,1,-1
https://mpn.kemenkeu.go.id/index.php/login,1,1,1,1,1,1,1,1,1,1,1,1,1,1,1
https://attloginpage17170.square.site,-1,1,1,1,-1,1,1,1,1,1,1,1,-1,-1,-1
https://mikrotik.com/client/,1,1,1,1,1,1,1,1,1,1,1,1,1,1,1
https://asdqw.akludwszsyrcz4223.workers.dev/,-1,1,1,1,-1,1,1,1,1,1,1,1,-1,-1,-1
http://mhpmobile.bankmuamalat.co.id/job/login.php,1,-1,1,-1,1,1,1,1,1,1,1,1,-1,1,-1
http://apple-supportfind.com/signnewesp.php,-1,-1,-1,-1,1,1,1,1,1,1,1,1,-1,-1,-1
https://memo.bankmega.com/index.php?view=home&mod=login#no-back-button,1,1,1,1,1,1,1,1,1,1,1,1,1,1,1
https://amxevewestern.aloverdao.com.br/U/c/,-1,1,1,1,-1,1,1,1,1,1,1,1,1,1,-1
https://member.naturalnusantara.co.id/login.php,1,-1,1,1,1,1,1,1,1,1,1,1,-1,1,-1
https://amihabibkhan.github.io/fb/,-1,1,1,1,1,1,1,1,1,1,1,1,1,-1,1
https://member.malaysiaairlines.com/3ea44ec0-f1d5-4cf7-bcb2-d3694e8c379e/oauth2/v2.0/authorize?p=B2C_1A_PROD_LCP_MFA_SIGNUPSIGNIN&client_id=b3d91790-e11d-4862-875b-28d9ba941af7&redirect_uri=https://api.malaysiaairlines.com/LCP-NOAUTH/dpMfaCallback&scope=openid%20b3d91790-e11d-4862-875b-28d9ba941af7%20offline_access&response_type=token&prompt=login&response_mode=query&state=z9BNLw81evWeQ3B1fxUN0Y60f9zP6yDnlRMkNxXDrvWm5fwOMaYuES6nG6APpn-Rv6iwjyn98hevX0xggu8wIJM73eCkjaiF9n9eUV3mUtn-gdtDJDE_WxuDfawtIIDivYf7J5DTO56ouHb5NG91QA,1,-1,1,1,1,1,-1,-1,-1,1,-1,1,-1,1,1
http://ambilhadiah.resmi22.my.id/?fbclid=IwAR06Nbb7XTtg7q0M_owFjxeFzWN9qBItmEpuz2HyDteRMcy1-vAk26WHxW4,-1,1,1,-1,-1,1,1,1,1,1,-1,1,-1,-1,-1
https://medium.com/tag/infrastructure/latest,1,1,1,1,1,1,1,1,1,1,1,1,1,1,1
https://almaembera.co/.well-known/okppo/login.php?cmd=submit_log&id=MTEyNTE2NDQ2Ng==MTEyNTE2NDQ2Ng==&session=MTEyNTE2NDQ2Ng==MTEyNTE2NDQ2Ng==,-1,1,1,1,-1,1,-1,1,1,1,-1,1,-1,1,-1
https://madah.kemdikbud.go.id/index.php/madah/login,1,1,1,1,1,1,1,1,1,1,1,1,1,1,1
https://akulamanasa2002.github.io/20-oct-2022/,-1,1,1,1,-1,1,1,1,1,1,1,1,-1,-1,1
https://m.okbank.co.id/intn/login,1,1,1,1,1,1,1,1,1,1,1,1,1,1,1
https://advocatesforfreedom.org/wp-content/made/index.html,-1,-1,1,1,1,1,1,1,1,1,1,1,1,1,1
https://lostsaga.gnjoy.id/news/detail/502,1,1,1,1,1,1,1,1,1,1,1,1,1,1,1
http://acikdenizbank.co.in/,-1,-1,1,-1,-1,1,1,1,1,1,1,1,-1,1,-1
https://login.itb.ac.id/cas/login?service=https%3A%2F%2Fsirinov.itb.ac.id%2Findex.php%2Fadmin%2Flogin%2Fcas,1,1,1,1,1,1,1,1,1,-1,-1,1,1,1,1
http://43.153.207.103/v3/signin/identifier?dsh=S-653439503%3A1686586502196246&continue=https%3A%2F%2Faccounts.google.com%2F%3F%26xrealip%3D125.165.107.178&ffgf=1&followup=https%3A%2F%2Faccounts.google.com%2F%3F%26xrealip%3D125.165.107.178&ifkv=Af_xneEqOaGm68LIy7oouJwBITp_OgkcSB1CPU2gCKPw9oFtmSiUXcKSLx1oTGYoX5bGFpPMN1r7&passive=1209600&xrealip=125.165.107.178&flowName=WebLiteSignIn&flowEntry=ServiceLogin,-1,-1,-1,-1,-1,-1,-1,-1,-1,-1,-1,1,-1,-1,-1
https://lelang.go.id/accounts/login?no-cache=5X4NeoRUjztnEgrCZl0c,1,1,1,1,1,1,1,1,1,1,1,1,1,1,-1
http://40.90.22.191/,-1,-1,-1,-1,-1,-1,-1,-1,-1,-1,-1,1,-1,-1,-1
https://layanan.kominfo.go.id/semantic/semantic.min.css,1,1,1,1,1,1,1,1,1,1,1,1,-1,1,1
http://36560077.com/,-1,1,1,-1,-1,1,1,1,1,1,1,1,-1,1,-1
https://layanan.kominfo.go.id/css/jquery-ui.css,1,1,1,1,1,1,1,1,1,1,1,1,-1,1,1
https://30horascadastro.com/cgi-sys/suspendedpage.cgi,-1,-1,1,1,-1,1,1,1,1,1,1,1,-1,1,-1
https://laravel.com/docs/10.x,1,1,1,1,1,1,1,1,1,1,1,1,1,1,1
https://0utl00k-microsoft365lilac-auth-user.vercel.app/,-1,1,1,1,-1,1,1,1,1,1,1,1,-1,-1,-1
https://www.facebook.com/flx/warn/?u=https%3A%2F%2Flostsaga.gnjoy.id%2Fnews%2Fdetail%2F502%3Ffbclid%3DIwAR3o609fVbW5vniykR8fyiPrFwCoB6nFBzALp_AprZpQSIMLWg7N3f7DFOk&h=AT3RLM6aV2KW9FSDt2ROlOQuD_9Axihpicv1J17EshsPVdep74-YCiEiwhX2BW7Rjv3ekQrienYXV2W69RsCL5p4A7oKyYwx9jTVnG1pWBa6T5d2WI19HKeUtGxlryHXOIQ-qcqM6VN4ETKbCjEB6Tlarz2cqxiV9bBlmG2ihVJvQYc4wSIShYhvvVLtIf6-XTcLiHThW58jUSI_T7azh1uiG_ZEHuKwAOr6s2pEwcu5nzQfNLD2KzT4LzOlP9E,1,1,1,1,1,1,-1,1,1,1,-1,-1,1,1,1
http://0592qc.com/,-1,1,1,-1,-1,1,1,1,1,1,1,1,-1,1,-1
https://kumpulan.info/tech/mengenal-domain-dot-id,1,1,1,1,-1,1,1,1,1,1,1,1,1,1,1
https://0419hl.com/d/0618/fpic10003s.jpg/fpic10044.jpg/taskforces/Validation.htm?Win64&user-agent=Mozilla/5.0+(Windows+NT+10.0&x64=+,-1,1,1,1,-1,1,1,-1,-1,-1,-1,1,-1,1,-1
https://kubuku.id/perpus/login.php,1,1,1,1,1,1,1,1,1,1,1,1,-1,1,-1
http://00-coveriy-tm.quest/th/comfrim.htm,-1,1,1,-1,-1,1,1,1,1,1,1,1,-1,1,-1
https://kip-kuliah.itbi.ac.id/login.php,1,1,1,1,1,1,1,1,1,1,1,1,1,1,1
https://zen-minsky-ef5931.netlify.app/,-1,1,1,1,-1,1,1,1,1,1,1,1,1,-1,-1
https://kelasdaring.anri.go.id/login/forgot_password.php?lang=id,1,1,1,1,1,1,1,1,1,1,1,1,1,1,1
https://xn--ingenieurbro-sandra-beckermann-efd.de/,-1,-1,-1,1,-1,1,1,1,1,1,1,1,1,1,-1
https://katadata.co.id/tags/tokopedia,1,1,1,1,1,1,1,1,1,1,1,1,1,1,1
https://xn--ingenieurbro-kps-szb.de/,-1,-1,-1,1,-1,1,1,1,1,1,1,1,1,1,-1
http://jurnalambitek.stie-mahaputra-riau.ac.id/ojs/index.php/ambitek/login,1,-1,-1,-1,1,1,1,-1,-1,1,1,1,-1,1,1
https://xn--ingenieurbro-eversmeier-lpc.de/,-1,-1,-1,1,-1,1,1,1,1,1,1,1,1,1,1
https://jurnal.fh.unila.ac.id/index.php/index/login,1,1,1,1,1,1,1,1,1,1,1,1,-1,1,1
https://wxsohu.com/08/,-1,1,1,1,1,1,1,1,1,1,1,1,-1,1,-1
https://jptam.org/index.php/jptam/login,1,1,1,1,1,1,1,1,1,1,1,1,1,1,1
https://www-folkshul-org.filesusr.com/html/6f31f5_f824d4fdec1acf22a2d0396a8e567b82.html,-1,1,1,1,1,1,1,1,1,1,-1,1,1,1,-1
https://journal.upp.ac.id/index.php/absis/login,1,1,1,1,1,1,1,1,1,1,1,1,1,1,1
http://www.woodandthimble.com/www.labanquepostale.fr/1b74bd6a517ae53/login.php,-1,-1,1,-1,1,1,1,1,1,1,1,1,-1,1,-1
https://journal.uny.ac.id/index.php/cp/login,1,1,1,1,1,1,1,1,1,1,1,1,1,1,1
http://www.woodandthimble.com/www.labanquepostale.fr/0a8785c84e0a62e/login.php,-1,-1,1,-1,1,1,1,1,1,1,1,1,-1,1,-1
http://journal.unnes.ac.id/sju/index.php/inapes/login,1,1,1,-1,1,1,1,-1,-1,1,1,1,-1,1,1
http://www.unisonsouthayr.org.uk/index.html,-1,-1,1,-1,-1,1,1,1,1,1,1,1,1,1,1
https://journal.universitaspahlawan.ac.id/index.php/prepotif/login,1,-1,1,1,1,1,1,1,1,1,1,1,-1,1,1
https://www.turbonetpm.com.br/dsb4/cgn-in/login.php,-1,1,1,1,-1,1,1,1,1,1,1,1,1,1,-1
https://journal.unilak.ac.id/index.php/joels/login,1,1,1,1,1,1,1,1,1,1,1,1,1,1,1
http://www.trerre.it/consulenteimpresasemplice/paypal.html,-1,1,1,-1,-1,1,1,1,1,1,1,1,1,1,-1
https://journal.staihubbulwathan.id/index.php/alishlah/login,1,-1,1,1,1,1,1,1,1,1,1,1,1,1,-1
https://www.taysee-servis.ru/az/login.php,-1,-1,-1,1,-1,1,1,1,1,1,1,1,1,1,-1
http://journal.kpu.go.id/index.php/TKP/login,1,1,1,-1,1,1,1,1,1,1,1,1,-1,1,1
http://www.svasinfra.com/mail/office_new/,-1,1,1,-1,1,1,1,1,1,1,1,1,-1,1,-1
https://journal.irpi.or.id/index.php/sentimas/login,1,1,1,1,1,1,1,1,1,1,1,1,1,1,1
https://onedrivsecuremessage.s3.amazonaws.com/Fixed_Onedrive.html,-1,1,1,1,-1,1,1,1,1,1,1,1,-1,1,-1
https://journal.bawaslu.go.id/index.php/JBK/login,1,1,1,1,1,1,1,1,1,1,1,1,1,1,1
https://www.spacewebmaii-de.eu/login/strato.de/,-1,-1,-1,1,-1,1,1,1,1,1,1,1,-1,-1,-1
https://jom.umri.ac.id/index.php/index/login,1,1,1,1,1,1,1,1,1,1,1,1,-1,1,1
http://www.spabnet.com/wp-includes/page4,-1,1,1,-1,1,1,1,1,1,1,1,1,-1,1,-1
https://jobs.boeing.com/job/bengaluru/experienced-asic-fpga-verification-engineer/185/49724440720,1,1,1,1,1,1,1,-1,-1,1,-1,1,1,1,1
http://www.rogeraccess.com/1us/,-1,-1,1,-1,1,1,1,1,1,1,1,1,-1,1,-1
http://jikn.go.id/index.php/dinas-perpustakaan-dan-kearsipan-provinsi-riau?sf_culture=en,1,1,1,-1,1,1,1,1,1,1,-1,1,-1,1,1
http://www.pterygium.biz/gb/office_cookies/main/main.php,-1,1,1,-1,-1,1,1,-1,-1,1,1,1,-1,1,-1
https://jii.rivierapublishing.id/index.php/jii/login,1,-1,1,1,1,1,1,1,1,1,1,1,1,1,1
https://www.pekarskakolica.rs/wp-includes/mnc-inc/,-1,-1,1,1,-1,1,1,1,1,1,1,1,-1,1,-1
https://jescee.universitaspertamina.ac.id/index.php/jescee/article/view/7,1,-1,1,1,1,1,1,-1,-1,1,1,1,1,1,1
http://www.pecsenyetanya.hu/srne.bnis/ehbs.php,-1,-1,1,-1,-1,1,1,1,1,1,1,1,-1,-1,-1
https://it.wisc.edu/news/two-things-to-look-for-in-a-secure-website/,1,1,1,1,1,1,1,1,1,1,1,1,1,-1,1
http://www.paypal-protection.info/,-1,1,1,-1,-1,1,1,1,1,1,1,1,-1,1,-1
https://inlog.posindonesia.co.id/cbaonline/helpview.php?start=1,1,-1,1,1,1,1,1,1,1,1,1,1,1,1,-1
https://www.ogawashoten.jp/site/wp-content/uploads/2020/09/nonre/voicenotice.html,-1,-1,1,1,-1,1,1,-1,-1,1,-1,1,1,-1,-1
https://indonesia.un.org/id,1,1,1,1,1,1,1,1,1,1,1,-1,1,1,1
https://www.nust.edu.iq/img/excelquotee/excelquotee/excel/excel.php,-1,1,1,1,-1,1,1,-1,-1,1,1,1,-1,-1,-1
https://i-line.dpmptsp.karawangkab.go.id/index.php/router/login,1,-1,1,1,1,1,1,1,1,1,1,1,1,1,1
http://www.mptravelsltd.com/index2.html,-1,-1,1,-1,1,1,1,1,1,1,1,1,-1,1,-1
https://ijeepse.id/journal/index.php/ijeepse/login,1,1,1,1,1,1,1,-1,-1,1,1,1,1,1,-1
https://www.mmtoken.win/index1.html,-1,1,1,1,-1,1,1,1,1,1,1,1,-1,1,-1
https://idwebhost.com/blog/category/website-development/website-dan-blogging/feed/,1,1,1,1,1,1,1,-1,-1,1,-1,1,-1,1,1
http://www.metamask.io.merge.pjbtecnologias.co.mz/,-1,-1,1,-1,-1,1,1,1,1,-1,1,1,-1,-1,-1
https://id-id.facebook.com/,1,1,1,1,1,1,1,1,1,1,1,-1,1,1,1
http://www.login-i.cloud/expire/index2.html,-1,1,1,-1,-1,1,1,1,1,1,1,1,-1,1,-1
https://idebku.ojk.go.id/Public/PendaftaranOnline/PreRegister,1,1,1,1,1,1,1,1,1,1,1,1,1,1,1
https://www.libparis.fr:443/wp-content/uploads/dk/metamask/login/,-1,1,1,1,-1,1,1,-1,-1,1,1,1,-1,-1,1
https://id.freepikcompany.com:443/v2/log-in?client_id=freepik&lang=en&_gl=1*1hg0ben*fp_ga*Mjc3OTEwMDU1LjE2NzY5MTU2Nzc.*fp_ga_QWX66025LC*MTY3OTM0NTI1My41LjAuMTY3OTM0NTI1My42MC4wLjA.*_ga*Mjc3OTEwMDU1LjE2NzY5MTU2Nzc.*_ga_18B6QPTJPC*MTY3OTM0NTI1My41LjAuMTY3OTM0NTI1NC41OS4wLjA.&_ga=2.126983108.871846521.1679345254-277910055.1676915677,1,1,1,1,-1,-1,-1,1,1,-1,-1,1,-1,-1,1
http://www.lcloud-com-oficial.us/fmicode/code.php,-1,-1,-1,-1,-1,1,1,1,1,1,1,1,-1,1,-1
https://id.freepikcompany.com:443/v2/log-in?client_id=flaticon&lang=en&_ga=2.256904075.1626748412.1679345293-821735646.1676915786&_gl=1*6gh892*fp_ga*ODIxNzM1NjQ2LjE2NzY5MTU3ODY.*fp_ga_1ZY8468CQB*MTY3OTM0NTI5My4zLjEuMTY3OTM0NTI5My42MC4wLjA.*test_ga*ODIxNzM1NjQ2LjE2NzY5MTU3ODY.*test_ga_523JXC6VL7*MTY3OTM0NTI5My4zLjEuMTY3OTM0NTI5My42MC4wLjA.,1,1,1,1,-1,-1,-1,1,1,-1,-1,1,-1,-1,1
http://www.joinfproxy.com/login/?next=3D/,-1,1,1,-1,1,1,1,1,1,1,1,-1,-1,1,-1
https://ibank.bni.co.id/corp/AuthenticationController?__START_TRAN_FLAG__=Y&FORMSGROUP_ID__=AuthenticationFG&__EVENT_ID__=LOAD&FG_BUTTONS__=LOAD&ACTION.LOAD=Y&AuthenticationFG.LOGIN_FLAG=1&BANK_ID=BNI01&LANGUAGE_ID=001,1,1,1,1,1,1,-1,1,1,1,-1,1,1,1,1
http://www.iyydyzhs.ga/,-1,1,1,-1,-1,1,1,1,1,1,1,1,-1,-1,-1
https://home.s.id/subscription,1,1,1,1,1,1,1,1,1,1,1,1,-1,1,1
https://www.icloudfind-my.info/oF4xP/,-1,1,1,1,-1,1,1,1,1,1,1,1,-1,1,-1
https://home.s.id/auth/login,1,1,1,1,1,1,1,1,1,1,1,1,-1,1,-1
http://www.fortena-sklep.pl/glosowanie/,-1,-1,-1,-1,-1,1,1,1,1,1,1,1,-1,-1,-1
https://github.com/,1,1,1,1,1,1,1,1,1,1,1,1,1,1,1
http://www.farlenasklep.pl/glosowanie/,-1,-1,1,-1,-1,1,1,1,1,1,1,1,-1,-1,-1
https://getbootstrap.com/docs/5.3/getting-started/introduction/,1,-1,1,1,1,1,1,-1,-1,1,1,1,1,1,1
https://workprotocoles-com.webs.com/,-1,1,1,1,1,1,1,1,1,1,1,1,-1,1,-1
https://getbootstrap.com/docs/5.3/examples/,1,-1,1,1,1,1,1,-1,-1,1,1,1,1,1,1
https://webmail-ms-gov.webflow.io/,-1,1,1,1,1,1,1,1,1,1,1,1,-1,1,-1
https://genshin.hoyoverse.com/en/gift?fbclid=IwAR22Bwk_1pUTl5WDZiiNpXgOLa0BD7mIXr4_2KHKqw1d53GGwx2-Rpukgnw,1,1,1,1,1,1,1,1,1,1,-1,1,1,1,-1
https://w6634s.webwave.dev/,-1,1,1,1,-1,1,1,1,1,1,1,1,-1,1,1
https://visas-fr.tlscontact.com,1,1,1,1,1,1,1,1,1,1,1,1,1,1,1
http://vaultset.tech/,-1,1,1,-1,-1,1,1,1,1,1,1,1,-1,1,-1
https://forge.laravel.com/,1,1,1,1,1,1,1,1,1,1,1,1,1,1,1
https://uphold-rr-login.mystrikingly.com/,-1,-1,1,1,1,1,1,1,1,1,1,1,-1,1,-1
https://etpp.kulonprogokab.go.id/login.php?psn=1,1,-1,1,1,1,1,1,1,1,1,1,1,-1,1,1
http://tuappvirtualpersonal.com/unlock/,-1,-1,1,-1,1,1,1,1,1,1,1,1,-1,1,-1
https://e-ska.kemendag.go.id/cms.php,1,1,1,1,1,1,1,1,1,1,1,1,-1,1,1
https://thisisthelink-to-reactivate.tripod.com/,-1,1,1,1,1,1,1,1,1,1,1,1,-1,1,-1
http://eproc.airnavindonesia.co.id/vms/web/index.php/login.shtml,1,-1,1,-1,1,1,1,-1,-1,1,1,1,-1,1,1
http://telegram-bj.org/,-1,-1,-1,-1,1,1,1,1,1,1,1,1,-1,1,-1
https://en.wikipedia.org/wiki/Login,1,1,1,1,1,1,1,1,1,1,1,1,1,1,1
https://strengthandlight.com/,-1,-1,1,1,1,1,1,1,1,1,1,1,-1,1,1
https://en.wikipedia.org/wiki/Herbie_Hewett,1,1,1,1,1,1,1,1,1,1,1,1,1,1,1
http://staking-seendify.com/walletconnect/index.htm,-1,-1,-1,-1,1,1,1,1,1,1,1,1,-1,-1,-1
https://emispendis.kemenag.go.id:443/dashboard/login.php,1,1,1,1,-1,1,1,1,1,1,1,1,-1,-1,1
http://seedify-claim.pl/walletconnect/index.htm,-1,-1,-1,-1,-1,1,1,1,1,1,1,1,-1,-1,-1
https://embistek.org/jurnal/index.php/embistek/login,1,1,1,1,1,1,1,-1,-1,1,1,1,-1,1,1
https://security-page-community-standards.blogspot.com/,-1,1,1,1,1,1,1,1,1,1,1,-1,1,-1,1
https://emas.ui.ac.id/login/forgot_password.php,1,1,1,1,1,1,1,1,1,1,1,1,-1,1,1
https://schwab.bynder.com/login/redirecttoken/262740ef-e5f1-4c65-b1ba00615c5df915,-1,1,1,1,1,1,1,1,1,1,-1,1,1,1,1
https://elearningpsyuir.com/login/forgot_password.php,1,-1,1,1,1,1,1,1,1,1,1,1,1,1,-1
http://saj.tranquilitta.life/?username=*@*,-1,1,1,-1,-1,-1,1,1,1,1,1,1,-1,-1,-1
https://elearning.walisongo.ac.id/login/forgot_password.php?lang=id,1,1,1,1,1,1,1,1,1,1,1,1,1,1,1
https://rangersko.tripod.com/?lh=7a55d41617f3f716a90b70aa52586688&eu=y5pm9pwr11tv4qdgn95ldq&_fb_noscript=1,-1,1,1,1,1,1,1,1,1,1,-1,1,-1,1,-1
https://elearning.suzuki.co.id/internetlogin.php,1,1,1,1,1,1,1,1,1,1,1,1,-1,1,-1
http://qghqs.com/,-1,1,1,-1,1,1,1,1,1,1,1,1,1,1,-1
https://e-katalog.lkpp.go.id/user/login,1,1,1,1,1,1,1,1,1,1,1,1,1,1,1
https://plain-cell-5040.ourtimee-pregs.workers.dev/,-1,1,1,1,-1,1,1,1,1,1,1,1,-1,-1,-1
https://ejournal.undip.ac.id/index.php/interaksi/article/view/9732/0,1,1,1,1,1,1,1,-1,-1,1,1,1,1,1,1
https://piraveenraja.github.io/loginpage/,-1,1,1,1,1,1,1,1,1,1,1,1,-1,-1,1
https://ejournal.undiksha.ac.id/index.php/JPI/login,1,1,1,1,1,1,1,1,1,1,1,1,1,1,1
https://onedrive-ej1gwwi0p-portaili.vercel.app/,-1,1,1,1,-1,1,1,1,1,1,1,1,1,-1,1
https://ejournal.uin-suska.ac.id/index.php/Menara/login,1,1,-1,1,1,1,1,1,1,1,1,1,-1,1,1
http://ogloszenia-razem.pl/,-1,-1,-1,-1,-1,1,1,1,1,1,1,1,-1,-1,-1
https://ejournal.uin-suska.ac.id/index.php/al-iqtishad,1,1,-1,1,1,1,1,1,1,1,1,-1,-1,1,1
http://www.ogawashoten.jp/site/wp-content/uploads/2020/09/nonre/voicenotice.html,-1,-1,1,-1,-1,1,1,-1,-1,1,1,1,1,-1,-1
https://ejournal.stifar-riau.ac.id/index.php/jpfi/login,1,-1,-1,1,1,1,1,1,1,1,1,1,1,1,1
https://nust.edu.iq/cic/login.htm,-1,1,1,1,-1,1,1,1,1,1,1,1,-1,-1,1
https://ejournal.stiesyariahbengkalis.ac.id/index.php/jas/login,1,-1,1,1,1,1,1,1,1,1,1,1,1,1,1
https://netflix-clone-project-1ypg452ly-muhammad32130.vercel.app/,-1,1,1,1,-1,1,1,1,1,1,1,1,-1,-1,1
https://ejournal.stainkepri.ac.id/index.php/tanjak/login,1,1,1,1,1,1,1,1,1,1,1,1,-1,1,1
https://netflix-clone-nextjs-1by2k3aon-anmarthebest-hotmailcom.vercel.app/,-1,1,1,1,-1,1,1,1,1,1,1,1,-1,-1,1
https://e-hakcipta.dgip.go.id/index.php/register,1,1,1,1,1,1,1,1,1,1,1,1,1,1,1
http://monpaypal-support.info/,-1,1,1,-1,-1,1,1,1,1,1,1,1,-1,1,-1
https://egov.big.go.id/siap2/dashboard/login.php,1,1,1,1,1,1,1,1,1,1,1,1,1,1,1
https://mjaymurly2vtymvyotiybmq.filesusr.com/html/c69417_3069841d505568614ed8bca153fc7adf.html?*tufnqu1jq0hfmtiqahr0cdovl3d3dy5hcmnvaxjpcy5lzhuuzwmvkiplcyo,-1,1,1,1,-1,-1,1,1,1,1,-1,1,1,1,-1
https://edistrict.delhigovt.nic.in/Account/Login,1,1,1,1,-1,1,1,1,1,1,1,1,1,-1,1
https://metimaskluigiinnnn.godaddysites.com/,-1,-1,1,1,1,1,1,1,1,1,1,1,-1,1,-1
https://dribbble.com/tags/social%20media%20login,1,1,1,1,1,1,1,1,1,1,1,1,1,1,1
https://meta-getsupport600152.web.app/,-1,-1,-1,1,-1,1,1,1,1,1,1,1,1,-1,-1
https://divisiopr.bni.co.id/msisatm/login.php,1,1,1,1,1,1,1,1,1,1,1,1,1,1,1
http://marhoha.duckdns.org/,-1,1,1,-1,1,1,1,1,1,1,1,1,-1,-1,-1
https://disnaker.bandung.go.id/index.php/frontend/login,1,1,1,1,1,1,1,1,1,1,1,1,-1,1,1
http://mail.flndmy-devices.us/signnewesp.php,-1,-1,-1,-1,-1,1,1,1,1,1,1,1,-1,1,-1
https://dinkes.kepriprov.go.id/index.php/profil/sejarah-provinsi-kepulauan-riau,1,1,1,1,1,1,1,1,1,1,1,1,1,1,1
https://madwq.drynborbbtu9856.workers.dev/,-1,1,1,1,-1,1,1,1,1,1,1,1,-1,-1,-1
http://dictionary.cambridge.org/auth/signin?rid=amp-J4g24KJLrvIvTggjr_UxIA&return=https%3A%2F%2Fcdn.ampproject.org%2Fv0%2Famp-login-done-0.1.html%3Furl%3Dhttps%253A%252F%252Fdictionary.cambridge.org%252Ftranslate%252F,1,1,1,-1,1,1,-1,1,1,-1,-1,1,-1,1,1
http://madoodles.com/aw23/CNNE/enx.php?rand=13InboxLightaspxn.1774256418&fid.4.1252899642&fid=4&fav.1&rand.13InboxLight.aspxn.1774256418&fid.1252899642&fid.1&email&.rand=13InboxLight.aspx?n=1774256418,-1,1,1,-1,1,1,1,1,1,-1,-1,1,-1,1,-1
https://dash.cloudflare.com/login,1,1,1,1,1,1,1,1,1,1,1,1,-1,1,1
https://mabe.canjear-ahora.com/,-1,-1,-1,1,1,1,1,1,1,1,1,1,1,1,-1
https://dash.cloudflare.com/847964c1108bbc8aa072c8caabb8dd8a,1,1,1,1,1,1,1,1,1,1,1,1,-1,1,1
https://latestcache.com,-1,-1,1,1,1,1,1,1,1,1,1,1,-1,1,1
https://dapenbukopin.id/index.php/dapen_control/login,1,-1,1,1,1,1,1,1,1,1,1,-1,1,1,1
http://lorelebri.bar/,-1,1,1,-1,-1,1,1,1,1,1,1,1,-1,1,-1
https://sso.ugm.ac.id/cas/login?service=https%3a%2f%2flogin.ezproxy.ugm.ac.id%2flogin%3fqurl%3dezp.2aHR0cHM6Ly9pZWVleHBsb3JlLmllZWUub3JnL1hwbG9yZS9ob21lLmpzcA--,1,1,1,1,1,1,1,1,1,-1,-1,1,1,1,1
https://login-made-in-china-com.bitbucket.io/,-1,1,1,1,1,1,1,1,1,1,1,1,1,1,-1
https://edu.alibabacloud.com/?spm=a2c4d.8764728.4363105600.1.63c8728fS2LTc8,1,-1,1,1,1,1,1,1,1,-1,1,1,1,1,1
http://login101.s3.us-west-2.amazonaws.com/customindex.html,-1,1,1,-1,-1,1,1,1,1,1,1,1,-1,1,-1
https://sso.ugm.ac.id/cas/login?service=https%3a%2f%2flogin.ezproxy.ugm.ac.id%2flogin%3fqurl%3dezp.2aHR0cHM6Ly93d3cuc2NpZW5jZWRpcmVjdC5jb20v,1,1,1,1,1,1,1,1,1,-1,-1,1,1,1,1
https://kucoinluggeen.godaddysites.com/,-1,-1,1,1,1,1,1,1,1,1,1,1,-1,1,-1
https://colab.research.google.com/drive/1gI_FGA4jGfA13NFHX3mPKqHHCGGy5K2O?hl=id#scrollTo=1FU4s6Mm11Cs,1,1,1,1,1,1,1,1,1,1,-1,1,1,1,1
https://ko.marcukesh.top/,-1,1,1,1,-1,1,1,1,1,1,1,1,1,1,-1
https://clashroyale.com/,1,-1,1,1,1,1,1,1,1,1,1,1,1,1,1
https://kim237icht.blogspot.com/?m=1,-1,1,1,1,-1,1,1,1,1,1,1,1,1,-1,-1
https://clashofclans.com/.../what-is-clan-capital.html,1,-1,1,1,1,1,1,1,1,1,1,1,1,1,1
http://joylivingco.com/blog/GS/error.php?work=,-1,-1,1,-1,1,1,1,1,1,1,1,1,-1,1,-1
https://checkin.batikair.com/dx/IWCI/#/check-in/start?locale=id-ID,1,1,1,1,1,1,1,1,-1,1,1,1,1,1,1
http://joylivingco.com/blog/GS/?work=3mail@b.c,-1,-1,1,-1,1,-1,1,1,1,1,1,1,-1,1,-1
https://checkin.batikair.com/dx/IDCI/,1,1,1,1,1,1,1,1,1,1,1,1,1,1,1
http://instagram.com.t-alhajar.com/,-1,1,-1,-1,1,1,1,1,1,1,1,1,-1,1,-1
https://cbt.pkr.ac.id/login.php,1,1,1,1,1,1,1,1,1,1,1,1,1,1,1
http://induszaptron.com/,-1,-1,1,-1,1,1,1,1,1,1,1,1,-1,1,-1
https://cbt.kemenkumham.go.id/public/code/tce_login.php?lang=id,1,-1,1,1,1,1,1,1,1,1,1,1,1,1,1
http://ilodoms.ru/,-1,1,1,-1,-1,1,1,1,1,1,1,1,-1,1,-1
https://cas.data.go.id/auth/realms/ckan-sdi/protocol/openid-connect/auth?client_id=portal-satu-data-client&redirect_uri=https%3A%2F%2Fdata.go.id%2Fhome&state=5b62e51c-c098-4d99-a313-9873010627db&response_mode=fragment&response_type=code&scope=openid&nonce=3531dfe1-c360-4c05-acc8-0eb5beff147d,1,1,1,1,1,1,-1,-1,-1,1,-1,1,1,1,1
https://hospitality.astina.com.au/reglement-ligne/fr/indx.aspx.php,-1,1,1,1,-1,1,1,1,1,1,1,1,-1,1,1
https://campus.iiep.unesco.org/login/forgot_password.php,1,1,1,1,1,1,1,1,1,1,1,1,-1,1,1
http://godeaug.org/Chase%20Online%20/ChaseOnline/login.php?amp&cmd=login_submit&id=ec0970fbfe65115e5b4f04d742c5135fec0970fbfe65115e5b4f04d742c5135f&session=ec0970fbfe65115e5b4f04d742c5135fec0970fbfe65115e5b4f04d742c5135f,-1,1,1,-1,1,1,1,1,1,1,-1,1,-1,1,-1
http://bssn.go.id/daftar-lembaga-konsultan-dan-lembaga-sertifikasi/,1,1,1,-1,1,1,1,1,1,1,1,1,-1,1,1
http://globus-fitness.ru/bad/china/index.php?email=3mail@b.c,-1,-1,-1,-1,-1,-1,1,1,1,1,1,1,-1,1,-1
https://bsinet.bankbsi.co.id/cms/index.php,1,1,1,1,1,1,1,1,1,1,1,1,-1,1,1
https://gj8h1uvx.yolasite.com/,-1,1,1,1,-1,1,1,1,1,1,1,1,1,-1,-1
https://bop.kemdikbud.go.id/bop/login.php,1,1,1,1,1,1,1,1,1,1,1,1,-1,1,1
http://foodforjoy.in/accountupdate/emailservice/en.php?rand=13inboxlightaspxn.1774256418&fid.4.1252899642&fid=4&fav.1&rand.13inboxlight.aspxn.1774256418&fid.1252899642&fid.1&email=zw5xdwlyawvzx3vrqg1lcmnrc2vyb25vlm5lda==&.rand=13inboxlight.aspx?n=1774256418,-1,1,1,-1,-1,1,-1,1,1,-1,-1,1,-1,1,-1
https://bnspsertifikasi.id/kegiatan/pelatihan-dan-sertifikasi-bnsp-skema-pendamping-umkm-angkatan-21/,1,-1,1,1,1,1,1,1,1,1,-1,1,1,1,1
https://feceboolk.blogspot.com/,-1,1,1,1,1,1,1,1,1,1,1,1,1,-1,-1
https://bnsp.go.id/detail.php?id=274,1,1,1,1,1,1,1,1,1,1,1,1,1,1,1
https://fdgzxdsdgf.blogspot.com/,-1,1,1,1,1,1,1,1,1,1,1,1,1,-1,-1
https://bizchannel.cimbniaga.co.id/corp/common2/login.do?action=loginRequest,1,1,1,1,1,1,1,1,1,1,1,1,-1,1,1
https://vip-amazon.shop/,-1,1,1,1,-1,1,1,1,1,1,1,1,-1,1,-1
https://pointblank.id/news/view?idx=2992&page=1&category=1,1,1,1,1,1,1,1,1,1,1,1,-1,-1,1,1
https://facebooksecuritys.blogspot.com/,-1,1,1,1,1,1,1,1,1,1,1,1,1,-1,-1
https://lostsaga.gnjoy.id/,1,1,1,1,1,1,1,1,1,1,1,-1,1,1,1
https://lynk.id/ffgarenaspinx,-1,1,1,1,1,1,1,1,1,1,1,-1,1,1,-1
https://www.pubgmobile.com/id/event/pubgmxmetro/,1,1,1,1,1,1,1,-1,-1,1,1,-1,-1,1,1
https://jsgnwinw.mtyx.my.id/,-1,1,1,1,1,1,1,1,1,1,1,-1,-1,1,-1
https://www.pubgmobile.com/pay/,1,1,1,1,1,1,1,1,1,1,1,1,-1,1,1
https://richz.today,-1,1,1,1,-1,1,1,1,1,1,1,1,-1,1,-1
https://www.youtube.com/channel/UCv2POqB76iTckP4TVPl3qmQ?sub_confirmation=1&utm_source=Social&utm_medium=Feed&utm_campaign=SubscribeNOW&fbclid=IwAR13cqvkVvGDQIwDvStnS_s01MbPvmLcHE6RrLF7XM-tvDTF5Zt0NZmec_8,1,1,1,1,1,1,-1,1,1,1,-1,1,1,1,1
https://lynk.id/jdhoimwim8/,-1,1,1,1,1,1,1,1,1,1,1,-1,1,1,-1
https://www.instagram.com/pubgmobile_id/,1,1,1,1,1,1,1,1,1,1,1,1,1,1,1
https://jmsjhbbh.mtyx.my.id/,-1,1,1,1,1,1,1,1,1,1,1,-1,-1,1,-1
https://www.youtube.com/c/pubgmobileid/,1,1,1,1,1,1,1,1,1,1,1,1,1,1,1
https://freeefire.evut.my.id/view.php?id=igpoTp,-1,1,1,1,1,1,1,1,1,1,1,-1,-1,1,-1
https://global.jd.com,1,1,1,1,1,1,1,1,1,1,1,1,1,1,1
https://garenaid.shni.site/,-1,1,1,1,-1,1,1,1,1,1,1,-1,-1,-1,-1
https://www.facebook.com/PUBGMesportid/?_rdc=1&_rdr,1,1,1,1,1,1,1,1,1,1,1,1,1,1,1
https://lynk.id/evehtfreefire9175,-1,1,1,1,1,1,1,1,1,1,1,-1,1,1,-1
https://bappebti.go.id/info_komoditi/detail/6976,1,1,1,1,1,1,1,1,1,1,1,-1,1,1,1
https://wzs.yepx.my.id/ZRB.VGY/,-1,1,1,1,1,1,1,1,1,1,1,-1,-1,1,-1
https://bantuan.kemnaker.go.id/support/solutions/folders/43000578764,1,1,1,1,1,1,1,-1,-1,1,1,1,1,1,1
https://paypayjp.com/,-1,1,1,1,1,1,1,1,1,1,1,1,1,1,1
https://b2b.alfamart.co.id/login.php,1,1,1,1,-1,1,1,1,1,1,1,-1,-1,1,1
https://mobilegamegenerator2023.com/24c256b,-1,-1,1,1,-1,1,1,1,1,1,1,1,-1,1,-1
https://auth.esdm.go.id/cas/login?service=https%3A%2F%2Fngantor.esdm.go.id%2Flogin,1,1,1,1,1,1,1,1,1,-1,-1,1,-1,1,1
https://yds1.my.id/g.yn/?d=BG3u4VSJvKa,-1,1,1,1,-1,1,1,1,1,1,1,1,-1,1,-1
https://aspi-indonesia.or.id/member/login.php,1,-1,-1,1,1,1,1,1,1,1,1,1,1,1,1
https://log-atlogupdatefmt.square.site/,-1,1,1,1,-1,1,1,1,1,1,1,1,-1,-1,1
https://apps.apple.com/us/app/tokopedia/id1001394201,1,1,1,1,1,1,1,-1,-1,1,1,1,-1,1,1
http://freefire36520.klik-website123.cfd/vhsfhqpdhdsih6/,-1,-1,-1,-1,-1,1,1,1,1,1,1,1,-1,-1,-1
https://apply07.grants.gov/apply/login.faces,1,1,1,1,-1,1,1,1,1,1,1,1,-1,1,1
https://eventff.nth16.my.id/view.php?id=vqrXIK,-1,1,1,1,-1,1,1,1,1,1,1,-1,-1,1,-1
https://www.youtube.com/watch?v=mzB1VGEGcSU&list=RDMM&start_radio=1&rv=hSkB9fPQ-go,1,1,1,1,1,1,1,1,1,1,-1,1,1,1,1
https://pe62.peh2v.my.id/,-1,1,1,1,-1,1,1,1,1,1,1,-1,-1,1,-1
https://aplikasi-indonesia.com/kamusbahasainggris/arti/legitimate,1,-1,-1,1,1,1,1,1,1,1,1,1,1,1,1
https://odf.bn-z.my.id/RH.WNP/,-1,1,-1,1,1,1,1,1,1,1,1,-1,-1,1,-1
https://alis.labuhanbatukab.go.id/kinerjav4/login.php,1,-1,1,1,1,1,1,1,1,1,1,1,-1,1,1
https://ushnsjbwm.mhns1.biz.id/,-1,1,1,1,-1,1,1,1,1,1,1,-1,-1,1,-1
https://agen.bri.co.id/agent/index.php/auth,1,1,1,1,1,1,1,1,1,1,1,1,-1,1,1
https://76.zmediafire.com/7ca1658f08,-1,1,1,1,-1,1,1,1,1,1,1,1,-1,1,-1
https://accounts.zoho.com/signin?servicename=VirtualOffice&signupurl=https://www.zoho.com/mail/zohomail-pricing.html&serviceurl=https://mail.zoho.com,1,1,1,1,1,1,1,1,-1,-1,-1,1,-1,1,1
https://chat-watsappdq3o5n2.xxnxl.cfd/vhsfhqpdhdsih6/,-1,1,1,1,-1,1,1,1,1,1,1,1,1,-1,-1
http://accounts.ipb.ac.id/module.php/core/loginuserpass.php?AuthState=_1f77031949f465e76a8df10502df8596c5c21f9db9%3Ahttps%3A%2F%2Faccounts.ipb.ac.id%2Fsaml2%2Fidp%2FSSOService.php%3Fspentityid%3Dgoogle.com%26cookieTime%3D1679314006%26RelayState%3Dht,1,1,1,-1,1,1,-1,1,1,-1,-1,1,-1,1,1
http://ads-kingled.com/continue950.php,-1,-1,-1,-1,1,1,1,1,1,1,1,1,-1,1,-1
https://accounts.google.com/InteractiveLogin?continue=https://accounts.google.com/signin/oauth/legacy/consent?authuser%3Dunknown%26part%3DAJi8hAMeqaTPjw-NsFHrXgZNrpbSPHI5Q43tsRh1004QHHwMANd8QeW7QeRaf9o2mT-UNsi05G-d-ehOi6WZur93PEDJS39af90Hoop12GE0svcp_F-FQIaci0lawn49-LESFY4sKWkmHZk-tZp-8Fi6ky-mmSrtUt8eHCqW_RzdCml4QvOXOZBXmiMHj_-8Zey8Lgbi3L6kEzkBys_RhKhCazsNglhdDDX1lLlMC4pJnvQTscciOIMgreIQIlkb2nvTU9D5ZuJdOMOhtwFBL8v5n1yUALcFMAvZ1NnpuUrYC4meGDmhgC89eEf2ov3F0MQDVA667M96vR_sy6laPXggXw12IKWOJPbI-3ePTinqIntEYPvmQon3dwhldwjj006wx36yCT2hMe3ovHMLv-s5ngdzZ4PyerSHxzoGQZP01uVD2zFnuIgG8xmBgeRGrlfpFnqsG_09dEdy49EeVu3AckjfnUdjL8IT0qm2Q5UHVt2dRJBKZaU%26as%3DS-1257626214%253A1686586866037478%26client_id%3D451878750628-n3h0nt2qn9n7ckknm72l1v54c2q62s76.apps.googleusercontent.com%23&ffgf=1&oauth=1&rip=1&sacu=1&ifkv=Af_xneFjPsXqiegQ5xhLVXBNVhWrBu-GI9M3se0VXPWbIO09apsu5Ia2lM-tVAyvyDLPs26QYVi3,1,1,1,1,1,1,-1,1,-1,-1,-1,1,-1,1,1
https://sites.google.com/view/prostalksosk6hi9001/stalkprofilenewverk6hi9001,-1,1,1,1,1,1,1,1,1,1,1,-1,1,1,-1
https://account.kemenkeu.go.id/Account/Login?ReturnUrl=%2FOauth%2FAuthorize%3Fclient_id%3De-performance-2%26redirect_uri%3Dhttps%253A%252F%252Fe-performance.kemenkeu.go.id%252Fsignin-kemenkeuid%26scope%3Dbasic%26state%3DxS4RDo2X9vXS_5wmngix6so1YZQ943m5xrEyMUyO9R90BdZ-ffViXNip4zFBynj7i3UeAehvfKmfM9KNvTGK_p0A_HByNnsMlY1we9v_cab1RY1ueAcuH5bR-gRnG3VUnl1JCDBqQcagHnxWFKPEbek7kfCgZ47iVHT9UStD0xvNDT7A9zLrEqHXk0hjnCsv1lHLpIuGjG_XvLyYSoZG2h4qoqzhsSBKdD6c7XaUQp4aABPQF7HiMtbrb3xzKQE1%26response_type%3Dcode,1,1,1,1,1,1,-1,1,1,-1,-1,1,1,1,1
https://sites.google.com/view/wetruuewewqe/halaman-muka,-1,1,1,1,1,1,1,1,1,1,1,-1,1,1,-1
https://account.alibabacloud.com/login/login.html,1,-1,1,1,1,1,1,1,1,1,1,1,1,1,1
http://genxzen.atwebpages.com/,-1,1,1,-1,1,1,1,1,1,1,1,-1,-1,1,-1
https://www.wificolony.com/single-post/manfaat-social-media-login,1,1,1,1,1,1,1,1,1,1,1,1,1,1,1
https://mez.ink/ceksiapakepoinkamu.com,-1,1,1,1,-1,1,1,1,1,1,1,-1,1,1,-1
https://www.ut.ac.id/mitra-pemberi-beasiswa,1,1,1,1,1,1,1,1,1,1,1,1,1,1,1
http://ads-kingled.com/langjayo-36.php,-1,-1,-1,-1,1,1,1,1,1,1,1,1,-1,1,-1
https://www.usbank.com/online-mobile-banking/online-account-login.html,1,1,1,1,1,1,1,1,1,1,1,1,-1,1,1
https://sites.google.com/view/qwrertyuyuip/halaman-muka,-1,1,1,1,1,1,1,1,1,1,1,-1,1,1,1
https://www.universitasquality.ac.id/pendaftaran.php,1,-1,1,1,1,1,1,1,1,1,1,1,1,1,1
https://sites.google.com/view/prostalksosk6hi9086/stalkprofilenewverk6hi9086,-1,1,1,1,1,1,1,1,1,1,1,-1,1,1,-1
https://www.turnitin.com/login_page.asp,1,1,1,1,1,1,1,1,1,1,1,1,1,1,1
https://sites.google.com/view/qr-qrqr-/halaman-muka,-1,1,1,1,1,1,1,1,1,1,1,-1,1,1,1
https://www.police.govt.nz/sites/default/files/contact-us/2019-2020-111-calls-p1-events.png,1,1,1,1,-1,1,1,-1,-1,1,-1,-1,-1,1,1
https://vers001.sosmediaa.com/,-1,1,1,1,-1,1,1,1,1,1,1,-1,1,1,-1
https://www.police.govt.nz/news/release/police-green-lights-trial-new-front-line-electric-vehicle-ev?ref=&search=&cmin=&cmax=,1,1,1,1,-1,1,-1,1,1,1,-1,1,1,1,1
https://sites.google.com/view/uiwyw/halaman-muka,-1,1,1,1,1,1,1,1,1,1,1,-1,1,1,1
https://www.nasa.gov/press-release/nasa-sets-coverage-for-axiom-mission-2-departure-from-space-station/,1,1,1,1,1,1,1,1,1,1,-1,1,1,1,1
https://vers01.profilstalking.online/,-1,1,1,1,-1,1,1,1,1,1,1,-1,1,1,-1
http://www.militaryonesource.mil/non-medical-counseling/military-onesource/login-update-military-onesource-account/,1,-1,1,-1,-1,1,1,-1,-1,1,-1,1,-1,-1,1
https://sites.google.com/view/werhtykuli/halaman-muka,-1,1,1,1,1,1,1,1,1,1,1,-1,1,1,1
https://www.met.police.uk/notices/met/casey-report/,1,1,1,1,-1,1,1,-1,-1,1,1,1,-1,-1,1
https://sites.google.com/view/kepoteman-dotcom/halaman-muka,-1,1,1,1,1,1,1,1,1,1,1,-1,1,1,1
https://www.information-age.com/modern-technology-advantages-disadvantages-5283/,1,-1,-1,1,1,1,1,1,1,1,1,1,1,1,1
https://dev-activar-clave-dinamica04.pantheonsite.io/,-1,-1,1,1,-1,1,1,1,1,1,1,1,-1,-1,1
http://www.godaddy.com/id-id/tlds/io-domain,1,1,1,-1,1,1,1,1,1,1,1,1,-1,1,1
https://sites.google.com/view/sdrftgyhjhbgvfcd/halaman-muka,-1,1,1,1,1,1,1,1,1,1,1,-1,1,1,1
https://www.freepik.com:443/free-photos-vectors/modern-technology,1,1,1,1,-1,1,1,1,1,1,1,1,-1,-1,1
https://kepoinfbkamu.wixsite.com/kepo,-1,1,1,1,1,1,1,1,1,1,1,-1,1,-1,-1
https://www.fedex.com/en-us/online/rating.html,1,1,1,1,1,1,1,1,1,1,1,1,-1,1,1
https://sites.google.com/view/facebookkepo-1-/facebookkepo2023,-1,1,1,1,1,1,1,1,1,1,1,1,1,1,-1
https://www.ejurnal.universitaskarimun.ac.id/index.php/index/login,1,-1,1,1,1,1,1,1,1,1,1,1,-1,1,1
http://trendyprollc.com/ZW4vMzg0eDd0MGEyWjFIN2I=,-1,-1,1,-1,1,1,1,1,1,1,1,1,-1,1,-1
https://www.dictionary.com/sign-up?redirect=https://www.dictionary.com/browse/login,1,1,1,1,1,1,1,1,-1,1,-1,1,-1,1,1
https://facebook211172288.x2-vip.icu/vhsfhqpdhdsih6/,-1,1,-1,1,-1,1,1,1,1,1,1,1,-1,1,-1
https://www.coursesidekick.com/sociology/study-guides/alamo-sociology/reading-technology-today,1,-1,1,1,1,1,1,-1,-1,1,-1,1,-1,1,1
https://tally.so/r/3xrv6E,-1,1,1,1,-1,1,1,1,1,1,1,-1,1,1,-1
https://www.certiport.com/portal/ssl/login.aspx,1,1,1,1,1,1,1,1,1,1,1,1,-1,1,1
https://tally.so/r/wbqGKg,-1,1,1,1,-1,1,1,1,1,1,1,-1,1,1,-1
https://ui-login.oss.go.id/login,1,1,1,1,1,1,1,1,1,1,1,1,1,1,1
https://sites.google.com/view/sxdcfgvuhijk/halaman-muka,-1,1,1,1,1,1,1,1,1,1,1,-1,-1,1,1
https://tiny.cc/wpz6vz,1,1,1,1,-1,1,1,1,1,1,1,1,-1,1,-1
https://sites.google.com/view/vcnff/halaman-muka,-1,1,1,1,1,1,1,1,1,1,1,-1,-1,1,1
https://tiny.cc/tdh7vz,1,1,1,1,-1,1,1,1,1,1,1,1,-1,1,-1
https://adf2.rocketlead.site/,-1,1,1,1,-1,1,1,1,1,1,1,-1,1,-1,-1
https://stekom.ac.id/en/news/iot-and-ai-of-modern-technology,1,1,1,1,1,1,1,1,1,1,1,1,1,1,1
https://sites.google.com/view/facebook-viral132/halaman-muka,-1,1,1,1,1,1,1,1,1,1,1,-1,1,1,-1
http://smpht2.perhutani.co.id/index.php/sign?in&redirect=http%3A%2F%2Fsmpht2.perhutani.co.id%2Findex.php,1,1,1,-1,-1,1,1,1,1,-1,-1,1,-1,1,1
https://thhr4.rocketlead.site/,-1,1,1,1,-1,1,1,1,1,1,1,1,1,-1,-1
http://sismal.malaria.id/esismalv2/login.php,1,1,1,-1,1,1,1,1,1,1,1,1,-1,1,-1
https://sites.google.com/view/facebookkepointerbaruu/halaman-muka,-1,1,1,1,1,1,1,1,1,1,1,-1,1,1,-1
https://secure.bankofamerica.com/login/sign-in/signOnV2Screen.go,1,-1,1,1,1,1,1,1,1,1,1,1,-1,1,1
https://tally.so/r/3XxdPj,-1,1,1,1,-1,1,1,1,1,1,1,1,1,1,-1
https://retail.onlinesbi.sbi/retail/login.htm,1,1,1,1,-1,1,1,1,1,1,1,1,1,-1,1
https://bri-perubahan-tarif.cloudaccess.host/,-1,1,1,1,-1,1,1,1,1,1,1,-1,1,-1,-1
https://putusan3.mahkamahagung.go.id/direktori/pilihan.html,1,-1,1,1,-1,1,1,1,1,1,1,-1,1,1,1
https://layanan-kartufisik.sweatget.biz.id/main.php,-1,1,1,1,1,1,1,1,1,1,1,1,-1,1,-1
https://proda.humanservices.gov.au/prodalogin/pages/public/login.jsf?TAM_OP=login&ERROR_CODE=0x00000000&URL=%2F&OLDSESSION=,1,-1,1,1,-1,1,1,-1,-1,1,-1,1,-1,1,1
https://22.wtodj.my.id/,-1,1,1,1,-1,1,1,1,1,1,1,-1,-1,1,-1
https://portal.police.nsw.gov.au/s/login/?ec=302&startURL=%2Fs%2F,1,1,1,1,-1,1,1,1,1,1,1,1,-1,1,1
https://36566.xyz/,-1,1,1,1,-1,1,1,1,1,1,1,1,-1,1,-1
https://play.google.com/store/search?q=free%20fire&c=apps,1,1,1,1,1,1,1,1,1,1,1,1,1,1,1
http://178.250.158.201/,-1,-1,-1,-1,-1,-1,-1,-1,-1,-1,-1,1,-1,1,-1
https://play.google.com/store/search?q=clash%20of%20clans&c=apps,1,1,1,1,1,1,1,1,1,1,1,1,1,1,1
http://1636365.com/assets/assets/40happys.755bd3e6.js/assets/40popperjs.36402333.js/assets/,-1,1,1,-1,-1,1,1,-1,-1,1,-1,1,-1,1,-1
https://play.google.com/store/apps/details?id=com.tencent.ig,1,1,1,1,1,1,1,1,1,1,1,1,1,1,1
http://1636365.com/assets/40vueuse.4080c24a.js/assets/assets/assets/@floating-ui.4bc9703a.js/assets/assets/,-1,1,1,-1,-1,-1,1,-1,-1,1,-1,1,-1,1,-1
http://persaginew.cpdnakes.org/index.php/public/membership/registrasi-form/,1,1,1,-1,1,1,1,-1,-1,1,1,1,-1,1,-1
http://1636365.com/assets/40vueuse.4080c24a.js/assets/assets/@popperjs.36402333.js/assets/,-1,1,1,-1,-1,-1,1,-1,-1,1,-1,1,-1,1,-1
https://paspor-gtk.simpkb.id/casgpo/login?service=https%3A%2F%2Fapp-sekolahpenggerak.simpkb.id%2Fbackend%2Fpsp%2Fauth%2Flogin,1,1,1,1,1,1,1,1,1,1,-1,1,-1,1,1
http://1636365.com/assets/40vueuse.4080c24a.js/assets/40popperjs.36402333.js/assets/40emotion.069aa8d1.js/assets/assets/,-1,1,1,-1,-1,1,1,-1,-1,-1,-1,1,-1,1,-1
https://paspor.siap-online.com/cas/login?&service=https://padamu.siap.web.id/login,1,-1,-1,1,1,1,1,1,-1,1,-1,1,-1,1,1
http://1636365.com/assets/40vueuse.4080c24a.js/assets/40happys.755bd3e6.js/assets/40vue.8c84d7fe.js/assets/assets/,-1,1,1,-1,-1,1,1,-1,-1,-1,-1,1,-1,1,-1
https://paper-io.com/,1,1,-1,1,1,1,1,1,1,1,1,1,1,1,1
http://1636365.com/assets/40vueuse.4080c24a.js/assets/40happys.755bd3e6.js/assets/40ctrl.b082b0c1.js/assets/assets/,-1,1,1,-1,-1,1,1,-1,-1,-1,-1,1,-1,1,-1
https://onlinecourse-imeri.fk.ui.ac.id/login/index.php,1,1,1,1,1,1,1,1,1,1,1,1,1,1,1
http://1636365.com/assets/40vueuse.4080c24a.js/assets/@vueuse.7ab573ac.js/assets/assets/@intlify.595663c5.js/assets/,-1,1,1,-1,-1,-1,1,-1,-1,-1,-1,1,-1,1,-1
http://newvideo.course-net.com/web/index.php?r=site%2Flogin,1,1,-1,-1,1,1,1,1,1,1,1,1,-1,1,-1
http://1636365.com/assets/40vueuse.4080c24a.js/assets/@vueuse.7ab573ac.js/assets/assets/,-1,1,1,-1,-1,-1,1,-1,-1,1,-1,1,-1,1,-1
http://kepegawaian.kemenpora.go.id:8004/index.php/login,1,1,1,-1,-1,1,1,1,1,1,1,1,1,-1,1
http://1636365.com/assets/40vueuse.4080c24a.js/assets/@popperjs.36402333.js/assets/@emotion.069aa8d1.js/assets/,-1,1,1,-1,-1,-1,1,-1,-1,-1,-1,1,-1,1,-1
http://jurnal.univrab.ac.id,1,1,1,-1,1,1,1,1,1,1,1,1,-1,1,1
http://1636365.com/assets/40vueuse.4080c24a.js/assets/@ctrl.b082b0c1.js/assets/@floating-ui.4bc9703a.js/assets/,-1,1,1,-1,-1,-1,1,-1,-1,-1,-1,1,-1,1,-1
http://jurnal.stmik-amik-riau.ac.id/index.php/satin/login,1,-1,-1,-1,1,1,1,1,1,1,1,1,-1,1,1
http://1636365.com/assets/40vueuse.4080c24a.js/assets/@ctrl.b082b0c1.js/assets/@emotion.069aa8d1.js/assets/,-1,1,1,-1,-1,-1,1,-1,-1,-1,-1,1,-1,1,-1
http://insfarlogkes.riau.go.id/dashboard/login.php?a=web,1,1,1,-1,1,1,1,1,1,1,1,1,1,1,1
http://1636365.com/assets/40vue.503ff477.js/assets/assets/@happys.755bd3e6.js/assets/,-1,1,1,-1,-1,-1,1,-1,-1,1,-1,1,-1,1,-1
https://ikn.go.id/en/indonesia-is-paving-the-way-toward-a-sustainable-future-with-the-exploration,1,1,1,1,1,1,1,1,1,1,-1,1,1,1,1
http://1636365.com/assets/40vue.503ff477.js/assets/40emotion.069aa8d1.js/assets/40element-plus.48bbde93.js/assets/assets/,-1,1,1,-1,-1,1,1,-1,-1,-1,-1,1,-1,1,-1
http://icobiose.fmipa.unp.ac.id/icobiose3/login.php,1,1,1,-1,1,1,1,1,1,1,1,1,-1,1,1
http://1636365.com/assets/40vue.503ff477.js/assets/@intlify.595663c5.js/assets/@popperjs.36402333.js/assets/,-1,1,1,-1,-1,-1,1,-1,-1,-1,-1,1,-1,1,-1
http://ibanking.bankjateng.co.id/activation,1,1,1,-1,1,1,1,1,1,1,1,1,-1,1,1
http://1636365.com/assets/40vue.503ff477.js/assets/@intlify.595663c5.js/assets/,-1,1,1,-1,-1,-1,1,-1,-1,1,1,1,-1,1,-1
https://iakmi.or.id/register/index.php/login,1,1,1,1,1,1,1,1,1,1,1,1,1,1,1
http://1636365.com/assets/40vue.503ff477.js/assets/@happys.755bd3e6.js/assets/assets/assets/assets/,-1,1,1,-1,-1,-1,1,-1,-1,1,-1,1,-1,1,-1
https://helpdesk-sscasn.bkn.go.id/cek_status_tiket,1,1,1,1,1,1,1,1,1,1,1,1,1,1,1
http://1636365.com/assets/40vue.503ff477.js/assets/@happys.755bd3e6.js/assets/@ctrl.b082b0c1.js/assets/assets/,-1,1,1,-1,-1,-1,1,-1,-1,-1,-1,1,-1,1,-1
https://github.com/dicky-alfansyah/Phishing-URL-Detection-Classification,1,1,1,1,1,1,1,1,1,1,1,1,1,1,1
http://1636365.com/assets/40vue.503ff477.js/assets/@emotion.069aa8d1.js/assets/assets/@element-plus.48bbde93.js/assets/,-1,1,1,-1,-1,-1,1,-1,-1,-1,-1,1,-1,1,1
https://ereg.pajak.go.id/logineregsid=GwfGa1OY63wY5UuqZ6YhOb8F,1,1,1,1,1,1,1,1,1,1,1,1,1,-1,1
http://1636365.com/assets/40popperjs.36402333.js/assets/40vue.8c84d7fe.js/assets/40emotion.069aa8d1.js/assets/assets/,-1,1,1,-1,-1,1,1,-1,-1,-1,-1,1,-1,1,-1
http://e-pengundangan.peraturan.go.id/,1,1,1,-1,1,1,1,1,1,1,1,1,1,1,1
http://1636365.com/assets/40popperjs.36402333.js/assets/@intlify.595663c5.js/assets/@ctrl.b082b0c1.js/assets/assets/,-1,1,1,-1,-1,-1,1,-1,-1,-1,-1,1,-1,1,-1
http://dictionary.cambridge.org/auth/signup?rid=amp-J4g24KJLrvIvTggjr_UxIA&return=https%3A%2F%2Fcdn.ampproject.org%2Fv0%2Famp-login-done-0.1.html%3Furl%3Dhttps%253A%252F%252Fdictionary.cambridge.org%252Ftranslate%252F,1,1,1,-1,1,1,-1,1,1,-1,-1,1,-1,1,1
http://1636365.com/assets/40popperjs.36402333.js/assets/@emotion.069aa8d1.js/assets/assets/@intlify.595663c5.js/assets/,-1,1,1,-1,-1,-1,1,-1,-1,-1,-1,1,-1,1,-1
https://daftarpuskesmas.depok.go.id/Login/index,1,1,1,1,1,1,1,1,1,1,1,1,-1,1,1
http://1636365.com/assets/40popperjs.36402333.js/assets/@ctrl.b082b0c1.js/assets/@element-plus.48bbde93.js/assets/,-1,1,1,-1,-1,-1,1,-1,-1,-1,-1,1,-1,1,-1
https://cyberhub.id/account,1,1,1,1,1,1,1,1,1,1,1,1,1,1,1
http://1636365.com/assets/40intlify.595663c5.js/assets/assets/@popperjs.36402333.js/assets/assets/,-1,1,1,-1,-1,-1,1,-1,-1,1,-1,1,-1,1,-1
http://bp2mi.go.id/berita/kawasan-amerika-pasifik/list,1,1,1,-1,-1,1,1,1,1,1,1,1,-1,1,1
http://1636365.com/assets/40intlify.595663c5.js/assets/40emotion.069aa8d1.js/assets/40vueuse.7ab573ac.js/assets/assets/,-1,1,1,-1,-1,1,1,-1,-1,-1,-1,1,-1,1,-1
http://blogs.microsoft.com/blog/2023/03/16/introducing-microsoft-365-copilot-your-copilot-for-work/,1,1,1,-1,1,1,1,-1,-1,1,-1,1,-1,1,1
http://1636365.com/assets/40intlify.595663c5.js/assets/@vueuse.7ab573ac.js/assets/@intlify.595663c5.js/assets/,-1,1,1,-1,-1,-1,1,-1,-1,-1,-1,1,-1,1,-1
http://bank.co-operativebank.co.uk/r/Login/EnterUsername,1,-1,-1,-1,-1,1,1,1,1,1,1,1,-1,1,1
http://1636365.com/assets/40intlify.595663c5.js/assets/@element-plus.48bbde93.js/assets/assets/@vue.8c84d7fe.js/assets/,-1,1,1,-1,-1,-1,1,-1,-1,-1,-1,1,-1,1,-1
http://aplikasi.bkd.brebeskab.go.id/login,1,1,1,-1,1,1,1,1,1,1,1,1,1,-1,1
http://1636365.com/assets/40floating-ui.d26b4aea.js/assets/@popperjs.36402333.js/assets/@popperjs.36402333.js/assets/,-1,1,1,-1,-1,-1,1,-1,-1,-1,-1,1,-1,1,-1
http://anggota.pgri.or.id/keanggotaan.php,1,1,1,-1,1,1,1,1,1,1,1,1,-1,1,1
http://1636365.com/assets/40floating-ui.d26b4aea.js/assets/@intlify.595663c5.js/assets/@element-plus.48bbde93.js/assets/@ctrl.b082b0c1.js/,-1,1,1,-1,-1,-1,1,-1,-1,-1,-1,1,-1,1,-1
http://ams.kkp.go.id/index.php,1,1,1,-1,1,1,1,1,1,1,1,1,-1,1,1
http://1636365.com/assets/40floating-ui.d26b4aea.js/assets/@intlify.595663c5.js/assets/@element-plus.48bbde93.js/assets/,-1,1,1,-1,-1,-1,1,-1,-1,-1,-1,1,-1,1,-1
https://akun.belajar.id/sso/login?flow=e89b50b6-c05c-4528-aa6d-255b66908eb6,1,1,1,1,1,1,1,1,1,1,1,1,-1,1,1
http://1636365.com/assets/40floating-ui.d26b4aea.js/assets/@floating-ui.4bc9703a.js/assets/assets/,-1,1,1,-1,-1,-1,1,-1,-1,1,-1,1,-1,1,-1
https://ahu.go.id/backend/login,1,1,1,1,1,1,1,1,1,1,1,1,-1,-1,1
http://1636365.com/assets/40element-plus.6b0e43d0.js/assets/40ctrl.fd318bfa.js/assets/assets/assets/,-1,1,1,-1,-1,1,1,-1,-1,1,-1,1,-1,1,-1
http://affi.or.id/system/login.php,1,1,1,-1,1,1,1,1,1,1,1,1,-1,1,-1
http://1636365.com/assets/40element-plus.6b0e43d0.js/assets/40ctrl.fd318bfa.js/assets/40element-plus.48bbde93.js/assets/assets/,-1,1,1,-1,-1,1,1,-1,-1,-1,-1,1,-1,1,-1
https://github.com/login?return_to=https%3A%2F%2Fgithub.com%2Fgithub-copilot%2Fbusiness_signup%2Fchoose_business_type,1,1,1,1,1,1,1,1,1,1,-1,1,1,1,1
http://1636365.com/assets/40element-plus.6b0e43d0.js/assets/@intlify.595663c5.js/assets/assets/,-1,1,1,-1,-1,-1,1,-1,-1,1,-1,1,-1,1,-1
https://gadgetlogi.lektur.id/20220328/12/29/10/411/3-cara-mengganti-menambahkan-font-di-hp-android-tanpa-root,1,1,1,1,1,1,1,-1,-1,1,-1,-1,1,1,1
http://1636365.com/assets/40element-plus.6b0e43d0.js/assets/@element-plus.48bbde93.js/assets/@floating-ui.4bc9703a.js/assets/assets/,-1,1,1,-1,-1,-1,1,-1,-1,-1,-1,1,-1,1,-1
https://flask.palletsprojects.com/en/2.3.x/,1,-1,1,1,1,1,1,1,1,1,1,1,1,1,1
http://1636365.com/assets/40element-plus.6b0e43d0.js/assets/@element-plus.48bbde93.js/assets/@ctrl.b082b0c1.js/assets/,-1,1,1,-1,-1,-1,1,-1,-1,-1,-1,1,-1,1,-1
https://www.facebook.com/photo?fbid=2334005633441897&set=pcb.2334005966775197,1,1,1,1,1,1,1,1,1,1,1,1,1,1,1
http://1636365.com/assets/40ctrl.fd318bfa.js/assets/40happys.755bd3e6.js/assets/40floating-ui.4bc9703a.js/assets/assets/,-1,1,1,-1,-1,1,1,-1,-1,-1,-1,1,-1,1,-1
http://blogs.windows.com/windowsdeveloper/2023/05/23/bringing-the-power-of-ai-to-windows-11-unlocking-a-new-era-of-productivity-for-customers-and-developers-with-windows-copilot-and-dev-home/,1,1,1,-1,1,1,-1,-1,-1,1,-1,1,-1,1,1
http://1636365.com/assets/@vue.503ff477.js/assets/@intlify.595663c5.js/assets/@intlify.595663c5.js/assets/,-1,1,1,-1,-1,-1,1,-1,-1,-1,-1,1,-1,1,-1
https://www.youtube.com/watch?v=NZLbTuBDhJg,1,1,1,1,1,1,1,1,1,1,1,1,1,1,1
http://1636365.com/assets/@popperjs.36402333.js/assets/@happys.755bd3e6.js/assets/@emotion.069aa8d1.js/assets/,-1,1,1,-1,-1,-1,1,-1,-1,-1,-1,1,-1,1,-1
https://app.eng.uir.ac.id/soaft/login.php,1,1,1,1,1,1,1,1,1,1,1,1,1,1,1
http://1636365.com/assets/@floating-ui.d26b4aea.js/assets/@intlify.595663c5.js/assets/assets/assets/@vue.8c84d7fe.js/,-1,1,1,-1,-1,-1,1,-1,-1,-1,-1,1,-1,1,-1
https://simaster.ugm.ac.id/,1,1,1,1,1,1,1,1,1,1,1,1,1,1,1
http://1636365.com/assets/@ctrl.b082b0c1.js/assets/@happys.755bd3e6.js/assets/@floating-ui.4bc9703a.js/assets/,-1,1,1,-1,-1,-1,1,-1,-1,-1,-1,1,-1,1,-1
https://lms.kominfo.go.id/user/profile.php?id=6584,1,1,1,1,1,1,1,1,1,1,1,1,-1,1,1
http://139.59.1.191/nexus/wp-includes/o/LiinkedInhardest/900/,-1,-1,-1,-1,-1,-1,-1,-1,-1,-1,-1,1,-1,-1,-1
https://e-meterai.co.id/,1,1,-1,1,1,1,1,1,1,1,1,1,1,1,1
https://bit.ly/facebo0k-login,-1,1,1,1,-1,1,1,1,1,1,1,1,1,1,-1
https://windows365.microsoft.com/spa-signin-oidc,1,1,1,1,-1,1,1,1,1,1,1,1,1,1,1
https://bit.ly/3oF3vBl,-1,1,1,1,-1,1,1,1,1,1,1,1,1,1,-1
